6.58210156e-21 1.40000000e+20 2.74068617e+22
6.78526996e-21 1.35808041e+20 2.57901699e+22
6.99470952e-21 1.31741599e+20 2.42688445e+22
7.21061380e-21 1.27796918e+20 2.28372599e+22
7.43318237e-21 1.23970350e+20 2.14901225e+22
7.66262091e-21 1.20258359e+20 2.02224507e+22
7.89914148e-21 1.16657515e+20 1.90295571e+22
8.14296269e-21 1.13164490e+20 1.79070306e+22
8.39430987e-21 1.09776055e+20 1.68507204e+22
8.65341534e-21 1.06489078e+20 1.58567204e+22
8.92051857e-21 1.03300521e+20 1.49213550e+22
9.19586641e-21 1.00207439e+20 1.40411655e+22
9.47971337e-21 9.72069706e+19 1.32128971e+22
9.77232177e-21 9.42963443e+19 1.24334871e+22
1.00739620e-20 9.14728697e+19 1.17000534e+22
1.03849130e-20 8.87339372e+19 1.10098839e+22
1.07054620e-20 8.60770153e+19 1.03604266e+22
1.10359054e-20 8.34996485e+19 9.74927974e+21
1.13765484e-20 8.09994547e+19 9.17418360e+21
1.17277060e-20 7.85741231e+19 8.63301157e+21
1.20897028e-20 7.62214122e+19 8.12376250e+21
1.24628732e-20 7.39391474e+19 7.64455331e+21
1.28475622e-20 7.17252195e+19 7.19361199e+21
1.32441253e-20 6.95775823e+19 6.76927106e+21
1.36529290e-20 6.74942509e+19 6.36996139e+21
1.40743512e-20 6.54732998e+19 5.99420644e+21
1.45087814e-20 6.35128611e+19 5.64061673e+21
1.49566210e-20 6.16111230e+19 5.30788478e+21
1.54182840e-20 5.97663278e+19 4.99478021e+21
1.58941971e-20 5.79767706e+19 4.70014523e+21
1.63848001e-20 5.62407972e+19 4.42289036e+21
1.68905464e-20 5.45568034e+19 4.16199035e+21
1.74119035e-20 5.29232326e+19 3.91648046e+21
1.79493532e-20 5.13385752e+19 3.68545285e+21
1.85033922e-20 4.98013665e+19 3.46805323e+21
1.90745327e-20 4.83101857e+19 3.26347771e+21
1.96633025e-20 4.68636547e+19 3.07096980e+21
2.02702457e-20 4.54604366e+19 2.88981767e+21
2.08959232e-20 4.40992344e+19 2.71935144e+21
2.15409135e-20 4.27787902e+19 2.55894076e+21
2.22058125e-20 4.14978834e+19 2.40799249e+21
2.28912349e-20 4.02553302e+19 2.26594844e+21
2.35978140e-20 3.90499823e+19 2.13228337e+21
2.43262030e-20 3.78807256e+19 2.00650301e+21
2.50770749e-20 3.67464794e+19 1.88814225e+21
2.58511240e-20 3.56461955e+19 1.77676343e+21
2.66490654e-20 3.45788569e+19 1.67195468e+21
2.74716367e-20 3.35434771e+19 1.57332845e+21
2.83195982e-20 3.25390993e+19 1.48052005e+21
2.91937335e-20 3.15647952e+19 1.39318628e+21
3.00948506e-20 3.06196642e+19 1.31100420e+21
3.10237823e-20 2.97028328e+19 1.23366993e+21
3.19813871e-20 2.88134538e+19 1.16089750e+21
3.29685501e-20 2.79507050e+19 1.09241780e+21
3.39861837e-20 2.71137891e+19 1.02797763e+21
3.50352284e-20 2.63019327e+19 9.67338695e+20
3.61166537e-20 2.55143853e+19 9.10276763e+20
3.72314592e-20 2.47504191e+19 8.56580832e+20
3.83806751e-20 2.40093280e+19 8.06052348e+20
3.95653636e-20 2.32904271e+19 7.58504467e+20
4.07866197e-20 2.25930519e+19 7.13761368e+20
4.20455721e-20 2.19165580e+19 6.71657601e+20
4.33433843e-20 2.12603200e+19 6.32037475e+20
4.46812558e-20 2.06237314e+19 5.94754484e+20
4.60604231e-20 2.00062039e+19 5.59670763e+20
4.74821609e-20 1.94071668e+19 5.26656581e+20
4.89477832e-20 1.88260664e+19 4.95589859e+20
5.04586445e-20 1.82623657e+19 4.66355719e+20
5.20161413e-20 1.77155436e+19 4.38846059e+20
5.36217130e-20 1.71850947e+19 4.12959154e+20
5.52768436e-20 1.66705289e+19 3.88599281e+20
5.69830628e-20 1.61713704e+19 3.65676363e+20
5.87419475e-20 1.56871581e+19 3.44105635e+20
6.05551234e-20 1.52174443e+19 3.23807333e+20
6.24242661e-20 1.47617950e+19 3.04706399e+20
6.43511034e-20 1.43197889e+19 2.86732203e+20
6.63374159e-20 1.38910177e+19 2.69818278e+20
6.83850395e-20 1.34750850e+19 2.53902082e+20
7.04958667e-20 1.30716063e+19 2.38924759e+20
7.26718484e-20 1.26802089e+19 2.24830928e+20
7.49149957e-20 1.23005309e+19 2.11568471e+20
7.72273818e-20 1.19322214e+19 1.99088348e+20
7.96111438e-20 1.15749401e+19 1.87344410e+20
8.20684849e-20 1.12283567e+19 1.76293230e+20
8.46016762e-20 1.08921508e+19 1.65893943e+20
8.72130591e-20 1.05660119e+19 1.56108096e+20
8.99050470e-20 1.02496384e+19 1.46899501e+20
9.26801279e-20 9.94273787e+18 1.38234109e+20
9.55408668e-20 9.64502678e+18 1.30079875e+20
9.84899074e-20 9.35622992e+18 1.22406649e+20
1.01529976e-19 9.07608037e+18 1.15186055e+20
1.04663881e-19 8.80431923e+18 1.08391393e+20
1.07894520e-19 8.54069531e+18 1.01997539e+20
1.11224878e-19 8.28496497e+18 9.59808496e+19
1.14658034e-19 8.03689185e+18 9.03190759e+19
1.18197160e-19 7.79624668e+18 8.49912821e+19
1.21845528e-19 7.56280704e+18 7.99777674e+19
1.25606510e-19 7.33635718e+18 7.52599927e+19
1.29483580e-19 7.11668781e+18 7.08205128e+19
1.33480324e-19 6.90359591e+18 6.66429116e+19
1.37600434e-19 6.69688453e+18 6.27117411e+19
1.41847719e-19 6.49636262e+18 5.90124647e+19
1.46226104e-19 6.30184484e+18 5.55314034e+19
1.50739635e-19 6.11315143e+18 5.22556850e+19
1.55392485e-19 5.93010798e+18 4.91731965e+19
1.60188954e-19 5.75254533e+18 4.62725396e+19
1.65133474e-19 5.58029935e+18 4.35429883e+19
1.70230616e-19 5.41321087e+18 4.09744494e+19
1.75485090e-19 5.25112544e+18 3.85574250e+19
1.80901753e-19 5.09389326e+18 3.62829774e+19
1.86485610e-19 4.94136902e+18 3.41426962e+19
1.92241824e-19 4.79341175e+18 3.21286671e+19
1.98175714e-19 4.64988470e+18 3.02334428e+19
2.04292763e-19 4.51065521e+18 2.84500150e+19
2.10598627e-19 4.37559462e+18 2.67717891e+19
2.17099132e-19 4.24457808e+18 2.51925594e+19
2.23800287e-19 4.11748452e+18 2.37064862e+19
2.30708286e-19 3.99419646e+18 2.23080743e+19
2.37829512e-19 3.87459996e+18 2.09921527e+19
2.45170547e-19 3.75858450e+18 1.97538555e+19
2.52738177e-19 3.64604283e+18 1.85886037e+19
2.60539396e-19 3.53687095e+18 1.74920884e+19
2.68581412e-19 3.43096795e+18 1.64602550e+19
2.76871661e-19 3.32823596e+18 1.54892880e+19
2.85417802e-19 3.22858003e+18 1.45755969e+19
2.94227736e-19 3.13190806e+18 1.37158032e+19
3.03309604e-19 3.03813069e+18 1.29067275e+19
3.12671801e-19 2.94716126e+18 1.21453780e+19
3.22322978e-19 2.85891569e+18 1.14289395e+19
3.32272056e-19 2.77331241e+18 1.07547626e+19
3.42528231e-19 2.69027232e+18 1.01203545e+19
3.53100981e-19 2.60971866e+18 9.52336914e+18
3.64000077e-19 2.53157698e+18 8.96159915e+18
3.75235594e-19 2.45577507e+18 8.43296717e+18
3.86817916e-19 2.38224286e+18 7.93551844e+18
3.98757746e-19 2.31091239e+18 7.46741350e+18
4.11066121e-19 2.24171775e+18 7.02692141e+18
4.23754416e-19 2.17459496e+18 6.61241332e+18
4.36834358e-19 2.10948201e+18 6.22235647e+18
4.50318036e-19 2.04631870e+18 5.85530851e+18
4.64217912e-19 1.98504666e+18 5.50991220e+18
4.78546833e-19 1.92560927e+18 5.18489032e+18
4.93318041e-19 1.86795159e+18 4.87904102e+18
5.08545190e-19 1.81202032e+18 4.59123333e+18
5.24242351e-19 1.75776378e+18 4.32040301e+18
5.40424034e-19 1.70513182e+18 4.06554859e+18
5.57105194e-19 1.65407580e+18 3.82572766e+18
5.74301248e-19 1.60454852e+18 3.60005343e+18
5.92028088e-19 1.55650422e+18 3.38769141e+18
6.10302100e-19 1.50989849e+18 3.18785631e+18
6.29140172e-19 1.46468825e+18 2.99980920e+18
6.48559714e-19 1.42083173e+18 2.82285473e+18
6.68578676e-19 1.37828838e+18 2.65633855e+18
6.89215559e-19 1.33701888e+18 2.49964492e+18
7.10489437e-19 1.29698511e+18 2.35219442e+18
7.32419971e-19 1.25815004e+18 2.21344182e+18
7.55027430e-19 1.22047780e+18 2.08287404e+18
7.78332710e-19 1.18393356e+18 1.96000826e+18
8.02357348e-19 1.14848355e+18 1.84439016e+18
8.27123551e-19 1.11409501e+18 1.73559221e+18
8.52654206e-19 1.08073614e+18 1.63321210e+18
8.78972912e-19 1.04837613e+18 1.53687124e+18
9.06103991e-19 1.01698506e+18 1.44621339e+18
9.34072520e-19 9.86533913e+17 1.36090332e+18
9.62904348e-19 9.56994555e+17 1.28062557e+18
9.92626123e-19 9.28339681e+17 1.20508329e+18
1.02326531e-18 9.00542808e+17 1.13399715e+18
1.05485024e-18 8.73578245e+17 1.06710427e+18
1.08741009e-18 8.47421070e+17 1.00415731e+18
1.12097495e-18 8.22047107e+17 9.44923495e+17
1.15557586e-18 7.97432907e+17 8.89183803e+17
1.19124479e-18 7.73555718e+17 8.36732116e+17
1.22801470e-18 7.50393474e+17 7.87374480e+17
1.26591958e-18 7.27924768e+17 7.40928380e+17
1.30499447e-18 7.06128831e+17 6.97222069e+17
1.34527547e-18 6.84985522e+17 6.56093931e+17
1.38679981e-18 6.64475297e+17 6.17391884e+17
1.42960588e-18 6.44579201e+17 5.80972816e+17
1.47373324e-18 6.25278845e+17 5.46702056e+17
1.51922267e-18 6.06556391e+17 5.14452880e+17
1.56611621e-18 5.88394535e+17 4.84106037e+17
1.61445720e-18 5.70776493e+17 4.55549311e+17
1.66429032e-18 5.53685979e+17 4.28677105e+17
1.71566164e-18 5.37107200e+17 4.03390053e+17
1.76861862e-18 5.21024831e+17 3.79594648e+17
1.82321021e-18 5.05424010e+17 3.57202900e+17
1.87948688e-18 4.90290318e+17 3.36132009e+17
1.93750062e-18 4.75609767e+17 3.16304060e+17
1.99730506e-18 4.61368790e+17 2.97645734e+17
2.05895547e-18 4.47554224e+17 2.80088036e+17
2.12250883e-18 4.34153302e+17 2.63566041e+17
2.18802389e-18 4.21153637e+17 2.48018655e+17
2.25556118e-18 4.08543216e+17 2.33388388e+17
2.32518313e-18 3.96310384e+17 2.19621139e+17
2.39695409e-18 3.84443834e+17 2.06666001e+17
2.47094039e-18 3.72932598e+17 1.94475067e+17
2.54721040e-18 3.61766039e+17 1.83003260e+17
2.62583463e-18 3.50933835e+17 1.72208158e+17
2.70688574e-18 3.40425975e+17 1.62049844e+17
2.79043864e-18 3.30232748e+17 1.52490754e+17
2.87657054e-18 3.20344731e+17 1.43495542e+17
2.96536107e-18 3.10752788e+17 1.35030944e+17
3.05689227e-18 3.01448052e+17 1.27065661e+17
3.15124874e-18 2.92421923e+17 1.19570238e+17
3.24851770e-18 2.83666060e+17 1.12516960e+17
3.34878904e-18 2.75172370e+17 1.05879745e+17
3.45215544e-18 2.66933003e+17 9.96340493e+16
3.55871243e-18 2.58940344e+17 9.37567786e+16
3.66855848e-18 2.51187005e+17 8.82261996e+16
3.78179514e-18 2.43665821e+17 8.30218617e+16
3.89852705e-18 2.36369841e+17 7.81245202e+16
4.01886209e-18 2.29292321e+17 7.35160660e+16
4.14291150e-18 2.22426721e+17 6.91794579e+16
4.27078991e-18 2.15766694e+17 6.50986601e+16
4.40261552e-18 2.09306085e+17 6.12585828e+16
4.53851017e-18 2.03038923e+17 5.76450262e+16
4.67859944e-18 1.96959417e+17 5.42446281e+16
4.82301283e-18 1.91061946e+17 5.10448147e+16
4.97188379e-18 1.85341061e+17 4.80337538e+16
5.12534993e-18 1.79791474e+17 4.52003110e+16
5.28355307e-18 1.74408056e+17 4.25340090e+16
5.44663944e-18 1.69185831e+17 4.00249883e+16
5.61475976e-18 1.64119973e+17 3.76639712e+16
5.78806941e-18 1.59205799e+17 3.54422272e+16
5.96672858e-18 1.54438769e+17 3.33515406e+16
6.15090239e-18 1.49814476e+17 3.13841807e+16
6.34076105e-18 1.45328646e+17 2.95328726e+16
6.53648004e-18 1.40977133e+17 2.77907704e+16
6.73824026e-18 1.36755916e+17 2.61514324e+16
6.94622816e-18 1.32661093e+17 2.46087967e+16
7.16063598e-18 1.28688879e+17 2.31571588e+16
7.38166189e-18 1.24835604e+17 2.17911509e+16
7.60951015e-18 1.21097705e+17 2.05057220e+16
7.84439137e-18 1.17471729e+17 1.92961186e+16
8.08652261e-18 1.13954324e+17 1.81578680e+16
8.33612768e-18 1.10542239e+17 1.70867612e+16
8.59343725e-18 1.07232321e+17 1.60788375e+16
8.85868914e-18 1.04021510e+17 1.51303698e+16
9.13212851e-18 1.00906839e+17 1.42378508e+16
9.41400808e-18 9.78854289e+16 1.33979802e+16
9.70458837e-18 9.49544879e+16 1.26076525e+16
1.00041379e-17 9.21113067e+16 1.18639450e+16
1.03129336e-17 8.93532578e+16 1.11641077e+16
1.06312609e-17 8.66777918e+16 1.05055529e+16
1.09594139e-17 8.40824363e+16 9.88584531e+15
1.12976959e-17 8.15647923e+16 9.30269336e+15
1.16464196e-17 7.91225330e+16 8.75394072e+15
1.20059073e-17 7.67534013e+16 8.23755822e+15
1.23764912e-17 7.44552074e+16 7.75163638e+15
1.27585138e-17 7.22258274e+16 7.29437838e+15
1.31523283e-17 7.00632007e+16 6.86409338e+15
1.35582986e-17 6.79653286e+16 6.45919028e+15
1.39767998e-17 6.59302722e+16 6.07817184e+15
1.44082189e-17 6.39561506e+16 5.71962914e+15
1.48529545e-17 6.20411393e+16 5.38223635e+15
1.53114176e-17 6.01834683e+16 5.06474589e+15
1.57840321e-17 5.83814208e+16 4.76598374e+15
1.62712346e-17 5.66333312e+16 4.48484514e+15
1.67734755e-17 5.49375838e+16 4.22029051e+15
1.72912190e-17 5.32926116e+16 3.97134158e+15
1.78249436e-17 5.16968940e+16 3.73707779e+15
1.83751425e-17 5.01489562e+16 3.51663289e+15
1.89423243e-17 4.86473678e+16 3.30919172e+15
1.95270132e-17 4.71907407e+16 3.11398721e+15
2.01297496e-17 4.57777288e+16 2.93029754e+15
2.07510905e-17 4.44070261e+16 2.75744346e+15
2.13916103e-17 4.30773657e+16 2.59478579e+15
2.20519008e-17 4.17875188e+16 2.44172307e+15
2.27325723e-17 4.05362932e+16 2.29768930e+15
2.34342541e-17 3.93225325e+16 2.16215188e+15
2.41575945e-17 3.81451150e+16 2.03460962e+15
2.49032621e-17 3.70029523e+16 1.91459089e+15
2.56719460e-17 3.58949889e+16 1.80165190e+15
2.64643568e-17 3.48202008e+16 1.69537502e+15
2.72812268e-17 3.37775946e+16 1.59536726e+15
2.81233109e-17 3.27662067e+16 1.50125882e+15
2.89913874e-17 3.17851024e+16 1.41270170e+15
2.98862587e-17 3.08333748e+16 1.32936843e+15
3.08087519e-17 2.99101444e+16 1.25095088e+15
3.17597194e-17 2.90145579e+16 1.17715907e+15
3.27400402e-17 2.81457876e+16 1.10772013e+15
3.37506205e-17 2.73030305e+16 1.04237730e+15
3.47923941e-17 2.64855076e+16 9.80888944e+14
3.58663239e-17 2.56924635e+16 9.23027701e+14
3.69734024e-17 2.49231652e+16 8.68579611e+14
3.81146530e-17 2.41769017e+16 8.17343336e+14
3.92911303e-17 2.34529832e+16 7.69129415e+14
4.05039217e-17 2.27507407e+16 7.23759566e+14
4.17541481e-17 2.20695251e+16 6.81066019e+14
4.30429649e-17 2.14087069e+16 6.40890904e+14
4.43715634e-17 2.07676752e+16 6.03085662e+14
4.57411715e-17 2.01458377e+16 5.67510497e+14
4.71530550e-17 1.95426196e+16 5.34033860e+14
4.86085189e-17 1.89574634e+16 5.02531963e+14
5.01089082e-17 1.83898283e+16 4.72888318e+14
5.16556098e-17 1.78391896e+16 4.44993309e+14
5.32500531e-17 1.73050385e+16 4.18743787e+14
5.48937117e-17 1.67868812e+16 3.94042687e+14
5.65881048e-17 1.62842389e+16 3.70798670e+14
5.83347984e-17 1.57966470e+16 3.48925784e+14
6.01354069e-17 1.53236548e+16 3.28343148e+14
6.19915944e-17 1.48648253e+16 3.08974653e+14
6.39050764e-17 1.44197342e+16 2.90748678e+14
6.58776215e-17 1.39879704e+16 2.73597828e+14
6.79110527e-17 1.35691346e+16 2.57458681e+14
7.00072495e-17 1.31628399e+16 2.42271560e+14
7.21681492e-17 1.27687107e+16 2.27980306e+14
7.43957489e-17 1.23863827e+16 2.14532072e+14
7.66921074e-17 1.20155026e+16 2.01877130e+14
7.90593472e-17 1.16557276e+16 1.89968686e+14
8.14996561e-17 1.13067252e+16 1.78762703e+14
8.40152896e-17 1.09681728e+16 1.68217746e+14
8.66085726e-17 1.06397576e+16 1.58294820e+14
8.92819019e-17 1.03211759e+16 1.48957234e+14
9.20377484e-17 1.00121334e+16 1.40170459e+14
9.48786590e-17 9.71234446e+15 1.31902003e+14
9.78072594e-17 9.42153194e+15 1.24121292e+14
1.00826256e-16 9.13942709e+15 1.16799553e+14
1.03938440e-16 8.86576918e+15 1.09909714e+14
1.07146687e-16 8.60030529e+15 1.03426296e+14
1.10453962e-16 8.34279007e+15 9.73253263e+13
1.13863322e-16 8.09298552e+15 9.15842438e+13
1.17377918e-16 7.85066076e+15 8.61818196e+13
1.21000999e-16 7.61559182e+15 8.10980767e+13
1.24735912e-16 7.38756146e+15 7.63142166e+13
1.28586111e-16 7.16635890e+15 7.18125496e+13
1.32555152e-16 6.95177972e+15 6.75764295e+13
1.36646705e-16 6.74362559e+15 6.35901921e+13
1.40864552e-16 6.54170413e+15 5.98390972e+13
1.45212589e-16 6.34582871e+15 5.63092740e+13
1.49694837e-16 6.15581831e+15 5.29876701e+13
1.54315437e-16 5.97149731e+15 4.98620028e+13
1.59078661e-16 5.79269535e+15 4.69207142e+13
1.63988910e-16 5.61924718e+15 4.41529281e+13
1.69050722e-16 5.45099250e+15 4.15484097e+13
1.74268777e-16 5.28777579e+15 3.90975281e+13
1.79647896e-16 5.12944621e+15 3.67912206e+13
1.85193051e-16 4.97585742e+15 3.46209589e+13
1.90909368e-16 4.82686748e+15 3.25787178e+13
1.96802129e-16 4.68233867e+15 3.06569456e+13
2.02876780e-16 4.54213743e+15 2.88485360e+13
2.09138937e-16 4.40613418e+15 2.71468019e+13
2.15594386e-16 4.27420321e+15 2.55454507e+13
2.22249095e-16 4.14622259e+15 2.40385609e+13
2.29109213e-16 4.02207405e+15 2.26205604e+13
2.36181081e-16 3.90164282e+15 2.12862058e+13
2.43471234e-16 3.78481762e+15 2.00305628e+13
2.50986412e-16 3.67149047e+15 1.88489884e+13
2.58733559e-16 3.56155662e+15 1.77371134e+13
2.66719835e-16 3.45491447e+15 1.66908263e+13
2.74952623e-16 3.35146546e+15 1.57062582e+13
2.83439530e-16 3.25111398e+15 1.47797684e+13
2.92188400e-16 3.15376728e+15 1.39079309e+13
3.01207321e-16 3.05933540e+15 1.30875219e+13
3.10504626e-16 2.96773104e+15 1.23155076e+13
3.20088910e-16 2.87886956e+15 1.15890333e+13
3.29969030e-16 2.79266881e+15 1.09054127e+13
3.40154117e-16 2.70904914e+15 1.02621179e+13
3.50653586e-16 2.62793325e+15 9.65677021e+12
3.61477139e-16 2.54924618e+15 9.08713108e+12
3.72634781e-16 2.47291521e+15 8.55109415e+12
3.84136824e-16 2.39886978e+15 8.04667728e+12
3.95993898e-16 2.32704146e+15 7.57201524e+12
4.08216961e-16 2.25736387e+15 7.12535284e+12
4.20817312e-16 2.18977260e+15 6.70503841e+12
4.33806595e-16 2.12420518e+15 6.30951774e+12
4.47196816e-16 2.06060103e+15 5.93732827e+12
4.61000350e-16 1.99890134e+15 5.58709373e+12
4.75229954e-16 1.93904911e+15 5.25751902e+12
4.89898781e-16 1.88098900e+15 4.94738545e+12
5.05020388e-16 1.82466736e+15 4.65554623e+12
5.20608751e-16 1.77003213e+15 4.38092218e+12
5.36678276e-16 1.71703283e+15 4.12249782e+12
5.53243816e-16 1.66562046e+15 3.87931754e+12
5.70320681e-16 1.61574751e+15 3.65048212e+12
5.87924655e-16 1.56736788e+15 3.43514537e+12
6.06072006e-16 1.52043686e+15 3.23251104e+12
6.24779509e-16 1.47491108e+15 3.04182981e+12
6.44064452e-16 1.43074845e+15 2.86239660e+12
6.63944659e-16 1.38790817e+15 2.69354790e+12
6.84438505e-16 1.34635064e+15 2.53465934e+12
7.05564930e-16 1.30603744e+15 2.38514339e+12
7.27343460e-16 1.26693133e+15 2.24444718e+12
7.49794224e-16 1.22899615e+15 2.11205044e+12
7.72937971e-16 1.19219685e+15 1.98746359e+12
7.96796092e-16 1.15649942e+15 1.87022594e+12
8.21390636e-16 1.12187086e+15 1.75990397e+12
8.46744335e-16 1.08827917e+15 1.65608974e+12
8.72880621e-16 1.05569329e+15 1.55839936e+12
8.99823651e-16 1.02408313e+15 1.46647160e+12
9.27598326e-16 9.93419449e+14 1.37996653e+12
9.56230317e-16 9.63673920e+14 1.29856427e+12
9.85746085e-16 9.34819049e+14 1.22196381e+12
1.01617291e-15 9.06828167e+14 1.14988191e+12
1.04753891e-15 8.79675404e+14 1.08205201e+12
1.07987309e-15 8.53335664e+14 1.01822330e+12
1.11320531e-15 8.27784604e+14 9.58159757e+11
1.14756640e-15 8.02998608e+14 9.01639277e+11
1.18298810e-15 7.78954768e+14 8.48452859e+11
1.21950315e-15 7.55630863e+14 7.98403832e+11
1.25714531e-15 7.33005335e+14 7.51307127e+11
1.29594936e-15 7.11057274e+14 7.06988588e+11
1.33595117e-15 6.89766394e+14 6.65284338e+11
1.37718770e-15 6.69113017e+14 6.26040162e+11
1.41969708e-15 6.49078056e+14 5.89110943e+11
1.46351858e-15 6.29642993e+14 5.54360127e+11
1.50869271e-15 6.10789865e+14 5.21659212e+11
1.55526123e-15 5.92501249e+14 4.90887278e+11
1.60326716e-15 5.74760240e+14 4.61930536e+11
1.65275488e-15 5.57550443e+14 4.34681911e+11
1.70377014e-15 5.40855952e+14 4.09040644e+11
1.75636006e-15 5.24661336e+14 3.84911918e+11
1.81057328e-15 5.08951629e+14 3.62206512e+11
1.86645988e-15 4.93712311e+14 3.40840466e+11
1.92407152e-15 4.78929297e+14 3.20734772e+11
1.98346144e-15 4.64588924e+14 3.01815084e+11
2.04468455e-15 4.50677939e+14 2.84011442e+11
2.10779741e-15 4.37183485e+14 2.67258011e+11
2.17285837e-15 4.24093089e+14 2.51492841e+11
2.23992755e-15 4.11394653e+14 2.36657636e+11
2.30906694e-15 3.99076441e+14 2.22697539e+11
2.38034045e-15 3.87127068e+14 2.09560928e+11
2.45381393e-15 3.75535490e+14 1.97199228e+11
2.52955531e-15 3.64290993e+14 1.85566726e+11
2.60763459e-15 3.53383186e+14 1.74620409e+11
2.68812392e-15 3.42801986e+14 1.64319799e+11
2.77109770e-15 3.32537615e+14 1.54626808e+11
2.85663261e-15 3.22580585e+14 1.45505593e+11
2.94480771e-15 3.12921694e+14 1.36922425e+11
3.03570450e-15 3.03552015e+14 1.28845566e+11
3.12940698e-15 2.94462889e+14 1.21245150e+11
3.22600175e-15 2.85645914e+14 1.14093071e+11
3.32557810e-15 2.77092942e+14 1.07362883e+11
3.42822804e-15 2.68796068e+14 1.01029699e+11
3.53404647e-15 2.60747624e+14 9.50701010e+10
3.64313117e-15 2.52940171e+14 8.94620511e+10
3.75558296e-15 2.45366492e+14 8.41848120e+10
3.87150578e-15 2.38019590e+14 7.92188698e+10
3.99100677e-15 2.30892672e+14 7.45458614e+10
4.11419637e-15 2.23979153e+14 7.01485071e+10
4.24118844e-15 2.17272642e+14 6.60105465e+10
4.37210035e-15 2.10766942e+14 6.21166783e+10
4.50705309e-15 2.04456038e+14 5.84525039e+10
4.64617138e-15 1.98334100e+14 5.50044739e+10
4.78958382e-15 1.92395468e+14 5.17598382e+10
4.93742294e-15 1.86634653e+14 4.87065990e+10
5.08982537e-15 1.81046333e+14 4.58334661e+10
5.24693199e-15 1.75625341e+14 4.31298152e+10
5.40888798e-15 1.70366667e+14 4.05856487e+10
5.57584303e-15 1.65265452e+14 3.81915591e+10
5.74795145e-15 1.60316980e+14 3.59386934e+10
5.92537231e-15 1.55516678e+14 3.38187210e+10
6.10826958e-15 1.50860110e+14 3.18238028e+10
6.29681231e-15 1.46342971e+14 2.99465619e+10
6.49117474e-15 1.41961086e+14 2.81800569e+10
6.69153652e-15 1.37710407e+14 2.65177554e+10
6.89808283e-15 1.33587004e+14 2.49535108e+10
7.11100456e-15 1.29587066e+14 2.34815387e+10
7.33049850e-15 1.25706897e+14 2.20963961e+10
7.55676752e-15 1.21942910e+14 2.07929612e+10
7.79002074e-15 1.18291626e+14 1.95664140e+10
8.03047374e-15 1.14749671e+14 1.84122191e+10
8.27834875e-15 1.11313771e+14 1.73261085e+10
8.53387487e-15 1.07980751e+14 1.63040660e+10
8.79728826e-15 1.04747530e+14 1.53423124e+10
9.06883239e-15 1.01611120e+14 1.44372912e+10
9.34875820e-15 9.85686225e+13 1.35856559e+10
9.63732444e-15 9.56172249e+13 1.27842574e+10
9.93479779e-15 9.27541997e+13 1.20301323e+10
1.02414532e-14 8.99769009e+13 1.13204919e+10
1.05575741e-14 8.72827615e+13 1.06527122e+10
1.08834526e-14 8.46692916e+13 1.00243239e+10
1.12193899e-14 8.21340756e+13 9.43300326e+09
1.15656965e-14 7.96747706e+13 8.87656382e+09
1.19226926e-14 7.72891034e+13 8.35294795e+09
1.22907079e-14 7.49748692e+13 7.86021944e+09
1.26700827e-14 7.27299292e+13 7.39655628e+09
1.30611676e-14 7.05522084e+13 6.96024396e+09
1.34643240e-14 6.84396942e+13 6.54966907e+09
1.38799246e-14 6.63904340e+13 6.16331341e+09
1.43083534e-14 6.44025340e+13 5.79974833e+09
1.47500065e-14 6.24741568e+13 5.45762943e+09
1.52052920e-14 6.06035202e+13 5.13569164e+09
1.56746306e-14 5.87888952e+13 4.83274450e+09
1.61584563e-14 5.70286048e+13 4.54766778e+09
1.66572161e-14 5.53210220e+13 4.27940733e+09
1.71713710e-14 5.36645686e+13 4.02697118e+09
1.77013963e-14 5.20577136e+13 3.78942588e+09
1.82477817e-14 5.04989720e+13 3.56589304e+09
1.88110323e-14 4.89869032e+13 3.35554609e+09
1.93916686e-14 4.75201096e+13 3.15760720e+09
1.99902274e-14 4.60972355e+13 2.97134444e+09
2.06072617e-14 4.47169659e+13 2.79606906e+09
2.12433419e-14 4.33780252e+13 2.63113293e+09
2.18990558e-14 4.20791758e+13 2.47592614e+09
2.25750095e-14 4.08192172e+13 2.32987478e+09
2.32718278e-14 3.95969851e+13 2.19243879e+09
2.39901546e-14 3.84113497e+13 2.06310994e+09
2.47306539e-14 3.72612153e+13 1.94141002e+09
2.54940100e-14 3.61455188e+13 1.82688901e+09
2.62809285e-14 3.50632292e+13 1.71912343e+09
2.70921366e-14 3.40133461e+13 1.61771478e+09
2.79283841e-14 3.29948992e+13 1.52228809e+09
2.87904439e-14 3.20069472e+13 1.43249048e+09
2.96791127e-14 3.10485771e+13 1.34798991e+09
3.05952119e-14 3.01189030e+13 1.26847390e+09
3.15395881e-14 2.92170657e+13 1.19364843e+09
3.25131142e-14 2.83422318e+13 1.12323681e+09
3.35166899e-14 2.74935926e+13 1.05697867e+09
3.45512429e-14 2.66703638e+13 9.94629001e+08
3.56177291e-14 2.58717847e+13 9.35957251e+08
3.67171344e-14 2.50971170e+13 8.80746465e+08
3.78504747e-14 2.43456449e+13 8.28792485e+08
3.90187977e-14 2.36166738e+13 7.79903196e+08
4.02231830e-14 2.29095300e+13 7.33897816e+08
4.14647439e-14 2.22235598e+13 6.90606229e+08
4.27446278e-14 2.15581294e+13 6.49868350e+08
4.40640176e-14 2.09126237e+13 6.11533541e+08
4.54241327e-14 2.02864460e+13 5.75460048e+08
4.68262303e-14 1.96790178e+13 5.41514479e+08
4.82716061e-14 1.90897775e+13 5.09571310e+08
4.97615960e-14 1.85181805e+13 4.79512424e+08
5.12975772e-14 1.79636987e+13 4.51226668e+08
5.28809691e-14 1.74258194e+13 4.24609449e+08
5.45132353e-14 1.69040456e+13 3.99562342e+08
5.61958844e-14 1.63978951e+13 3.75992728e+08
5.79304714e-14 1.59069001e+13 3.53813452e+08
5.97185996e-14 1.54306066e+13 3.32942500e+08
6.15619215e-14 1.49685747e+13 3.13302696e+08
6.34621409e-14 1.45203771e+13 2.94821416e+08
6.54210140e-14 1.40855997e+13 2.77430320e+08
6.74403513e-14 1.36638407e+13 2.61065101e+08
6.95220190e-14 1.32547103e+13 2.45665242e+08
7.16679411e-14 1.28578302e+13 2.31173799e+08
7.38801010e-14 1.24728338e+13 2.17537186e+08
7.61605431e-14 1.20993651e+13 2.04704977e+08
7.85113753e-14 1.17370791e+13 1.92629721e+08
8.09347700e-14 1.13856408e+13 1.81266768e+08
8.34329673e-14 1.10447255e+13 1.70574100e+08
8.60082758e-14 1.07140180e+13 1.60512176e+08
8.86630759e-14 1.03932128e+13 1.51043791e+08
9.13998212e-14 1.00820134e+13 1.42133933e+08
9.42210410e-14 9.78013200e+12 1.33749655e+08
9.71293429e-14 9.48728974e+12 1.25859953e+08
1.00127415e-13 9.20321593e+12 1.18435653e+08
1.03218027e-13 8.92764802e+12 1.11449303e+08
1.06404037e-13 8.66033132e+12 1.04875067e+08
1.09688389e-13 8.40101877e+12 9.86886361e+07
1.13074119e-13 8.14947070e+12 9.28671339e+07
1.16564355e-13 7.90545463e+12 8.73890338e+07
1.20162323e-13 7.66874502e+12 8.22340791e+07
1.23871349e-13 7.43912311e+12 7.73832078e+07
1.27694861e-13 7.21637667e+12 7.28184825e+07
1.31636393e-13 7.00029983e+12 6.85230239e+07
1.35699587e-13 6.79069288e+12 6.44809482e+07
1.39888199e-13 6.58736210e+12 6.06773089e+07
1.44206099e-13 6.39011957e+12 5.70980408e+07
1.48657280e-13 6.19878299e+12 5.37299086e+07
1.53245854e-13 6.01317551e+12 5.05604578e+07
1.57976063e-13 5.83312560e+12 4.75779683e+07
1.62852278e-13 5.65846685e+12 4.47714117e+07
1.67879007e-13 5.48903782e+12 4.21304098e+07
1.73060894e-13 5.32468194e+12 3.96451969e+07
1.78402730e-13 5.16524730e+12 3.73065832e+07
1.83909451e-13 5.01058653e+12 3.51059209e+07
1.89586147e-13 4.86055671e+12 3.30350726e+07
1.95438064e-13 4.71501916e+12 3.10863807e+07
2.01470612e-13 4.57383939e+12 2.92526394e+07
2.07689364e-13 4.43688689e+12 2.75270678e+07
2.14100070e-13 4.30403511e+12 2.59032852e+07
2.20708654e-13 4.17516125e+12 2.43752873e+07
2.27521223e-13 4.05014621e+12 2.29374238e+07
2.34544075e-13 3.92887443e+12 2.15843778e+07
2.41783699e-13 3.81123385e+12 2.03111461e+07
2.49246788e-13 3.69711572e+12 1.91130205e+07
2.56940238e-13 3.58641458e+12 1.79855706e+07
2.64871161e-13 3.47902813e+12 1.69246274e+07
2.73046885e-13 3.37485709e+12 1.59262677e+07
2.81474969e-13 3.27380521e+12 1.49867999e+07
2.90163200e-13 3.17577908e+12 1.41027499e+07
2.99119609e-13 3.08068810e+12 1.32708487e+07
3.08352473e-13 2.98844439e+12 1.24880202e+07
3.17870327e-13 2.89896269e+12 1.17513697e+07
3.27681966e-13 2.81216031e+12 1.10581731e+07
3.37796459e-13 2.72795701e+12 1.04058672e+07
3.48223154e-13 2.64627497e+12 9.79203993e+06
3.58971688e-13 2.56703871e+12 9.21442143e+06
3.70051995e-13 2.49017498e+12 8.67087583e+06
3.81474315e-13 2.41561275e+12 8.15939320e+06
3.93249206e-13 2.34328310e+12 7.67808221e+06
4.05387550e-13 2.27311919e+12 7.22516307e+06
4.17900565e-13 2.20505617e+12 6.79896098e+06
4.30799818e-13 2.13903112e+12 6.39789995e+06
4.44097229e-13 2.07498304e+12 6.02049694e+06
4.57805088e-13 2.01285272e+12 5.66535639e+06
4.71936066e-13 1.95258274e+12 5.33116508e+06
4.86503221e-13 1.89411740e+12 5.01668724e+06
5.01520018e-13 1.83740267e+12 4.72076000e+06
5.17000335e-13 1.78238611e+12 4.44228909e+06
5.32958480e-13 1.72901690e+12 4.18024478e+06
5.49409202e-13 1.67724569e+12 3.93365809e+06
5.66367705e-13 1.62702465e+12 3.70161720e+06
5.83849662e-13 1.57830736e+12 3.48326406e+06
6.01871232e-13 1.53104878e+12 3.27779128e+06
6.20449070e-13 1.48520525e+12 3.08443903e+06
6.39600346e-13 1.44073440e+12 2.90249236e+06
6.59342761e-13 1.39759511e+12 2.73127847e+06
6.79694561e-13 1.35574752e+12 2.57016424e+06
7.00674556e-13 1.31515296e+12 2.41855391e+06
7.22302136e-13 1.27577391e+12 2.27588686e+06
7.44597290e-13 1.23757396e+12 2.14163553e+06
7.67580625e-13 1.20051782e+12 2.01530350e+06
7.91273381e-13 1.16457123e+12 1.89642361e+06
8.15697457e-13 1.12970098e+12 1.78455628e+06
8.40875425e-13 1.09587484e+12 1.67928785e+06
8.66830557e-13 1.06306153e+12 1.58022905e+06
8.93586841e-13 1.03123074e+12 1.48701359e+06
9.21169006e-13 1.00035304e+12 1.39929677e+06
9.49602544e-13 9.70399905e+11 1.31675425e+06
9.78913734e-13 9.41343641e+11 1.23908079e+06
1.00912967e-12 9.13157396e+11 1.16598917e+06
1.04027827e-12 8.85815119e+11 1.09720913e+06
1.07238833e-12 8.59291540e+11 1.03248633e+06
1.10548952e-12 8.33562146e+11 9.71581429e+05
1.13961244e-12 8.08603155e+11 9.14269223e+05
1.17478863e-12 7.84391501e+11 8.60337783e+05
1.21105059e-12 7.60904806e+11 8.09587681e+05
1.24843185e-12 7.38121363e+11 7.61831256e+05
1.28696694e-12 7.16020115e+11 7.16891915e+05
1.32669149e-12 6.94580634e+11 6.74603481e+05
1.36764221e-12 6.73783107e+11 6.34809582e+05
1.40985695e-12 6.53608311e+11 5.97363068e+05
1.45337472e-12 6.34037601e+11 5.62125471e+05
1.49823574e-12 6.15052887e+11 5.28966489e+05
1.54448148e-12 5.96636625e+11 4.97763509e+05
1.59215468e-12 5.78771793e+11 4.68401148e+05
1.64129940e-12 5.61441880e+11 4.40770831e+05
1.69196105e-12 5.44630868e+11 4.14770387e+05
1.74418647e-12 5.28323222e+11 3.90303672e+05
1.79802393e-12 5.12503869e+11 3.67280214e+05
1.85352317e-12 4.97158187e+11 3.45614877e+05
1.91073549e-12 4.82271995e+11 3.25227547e+05
1.96971378e-12 4.67831533e+11 3.06042837e+05
2.03051254e-12 4.53823456e+11 2.87989806e+05
2.09318796e-12 4.40234817e+11 2.71001697e+05
2.15779797e-12 4.27053056e+11 2.55015693e+05
2.22440228e-12 4.14265992e+11 2.39972680e+05
2.29306246e-12 4.01861804e+11 2.25817033e+05
2.36384196e-12 3.89829030e+11 2.12496408e+05
2.43680619e-12 3.78156549e+11 1.99961547e+05
2.51202259e-12 3.66833571e+11 1.88166100e+05
2.58956069e-12 3.55849632e+11 1.77066449e+05
2.66949214e-12 3.45194581e+11 1.66621552e+05
2.75189081e-12 3.34858569e+11 1.56792783e+05
2.83683287e-12 3.24832044e+11 1.47543800e+05
2.92439682e-12 3.15105738e+11 1.38840402e+05
3.01466358e-12 3.05670664e+11 1.30650404e+05
3.10771660e-12 2.96518099e+11 1.22943522e+05
3.20364186e-12 2.87639586e+11 1.15691259e+05
3.30252802e-12 2.79026919e+11 1.08866796e+05
3.40446649e-12 2.70672136e+11 1.02444899e+05
3.50955147e-12 2.62567518e+11 9.64018202e+04
3.61788009e-12 2.54705572e+11 9.07152140e+04
3.72955246e-12 2.47079034e+11 8.53640526e+04
3.84467181e-12 2.39680853e+11 8.03285487e+04
3.96334451e-12 2.32504193e+11 7.55900819e+04
4.08568027e-12 2.25542421e+11 7.11311306e+04
4.21179214e-12 2.18789102e+11 6.69352064e+04
4.34179668e-12 2.12237994e+11 6.29867938e+04
4.47581404e-12 2.05883044e+11 5.92712925e+04
4.61396809e-12 1.99718377e+11 5.57749633e+04
4.75638651e-12 1.93738296e+11 5.24848776e+04
4.90320093e-12 1.87937274e+11 4.93888694e+04
5.05454705e-12 1.82309950e+11 4.64754903e+04
5.21056473e-12 1.76851122e+11 4.37339673e+04
5.37139818e-12 1.71555745e+11 4.11541628e+04
5.53719604e-12 1.66418926e+11 3.87265373e+04
5.70811156e-12 1.61435916e+11 3.64421140e+04
5.88430268e-12 1.56602110e+11 3.42924455e+04
6.06593227e-12 1.51913041e+11 3.22695830e+04
6.25316817e-12 1.47364375e+11 3.03660462e+04
6.44618345e-12 1.42951907e+11 2.85747964e+04
6.64515650e-12 1.38671560e+11 2.68892098e+04
6.85027120e-12 1.34519378e+11 2.53030536e+04
7.06171714e-12 1.30491522e+11 2.38104625e+04
7.27968974e-12 1.26584271e+11 2.24059172e+04
7.50439045e-12 1.22794013e+11 2.10842240e+04
7.73602696e-12 1.19117245e+11 1.98404956e+04
7.97481334e-12 1.15550569e+11 1.86701330e+04
8.22097030e-12 1.12090688e+11 1.75688085e+04
8.47472533e-12 1.08734405e+11 1.65324494e+04
8.73631297e-12 1.05478618e+11 1.55572238e+04
9.00597497e-12 1.02320317e+11 1.46395253e+04
9.28396059e-12 9.92565845e+10 1.37759605e+04
9.57052673e-12 9.62845875e+10 1.29633362e+04
9.86593824e-12 9.34015798e+10 1.21986475e+04
1.01704682e-11 9.06048967e+10 1.14790666e+04
1.04843980e-11 8.78919536e+10 1.08019328e+04
1.08080178e-11 8.52602428e+10 1.01647422e+04
1.11416267e-11 8.27073323e+10 9.56513850e+03
1.14855330e-11 8.02308625e+10 9.00090460e+03
1.18400546e-11 7.78285445e+10 8.46995404e+03
1.22055192e-11 7.54981581e+10 7.97032351e+03
1.25822645e-11 7.32375494e+10 7.50016547e+03
1.29706387e-11 7.10446292e+10 7.05774138e+03
1.33710008e-11 6.89173706e+10 6.64141526e+03
1.37837208e-11 6.68538076e+10 6.24964763e+03
1.42091801e-11 6.48520330e+10 5.88098981e+03
1.46477720e-11 6.29101967e+10 5.53407859e+03
1.50999018e-11 6.10265039e+10 5.20763117e+03
1.55659875e-11 5.91992137e+10 4.90044042e+03
1.60464597e-11 5.74266373e+10 4.61137041e+03
1.65417625e-11 5.57071363e+10 4.33935224e+03
1.70523537e-11 5.40391217e+10 4.08338002e+03
1.75787053e-11 5.24210516e+10 3.84250725e+03
1.81213036e-11 5.08514308e+10 3.61584321e+03
1.86806503e-11 4.93288084e+10 3.40254977e+03
1.92572621e-11 4.78517773e+10 3.20183820e+03
1.98516722e-11 4.64189722e+10 3.01296632e+03
2.04644297e-11 4.50290690e+10 2.83523573e+03
2.10961011e-11 4.36807831e+10 2.66798921e+03
2.17472702e-11 4.23728683e+10 2.51060832e+03
2.24185388e-11 4.11041159e+10 2.36251111e+03
2.31105274e-11 3.98733531e+10 2.22314994e+03
2.38238753e-11 3.86794426e+10 2.09200949e+03
2.45592421e-11 3.75212808e+10 1.96860483e+03
2.53173073e-11 3.63977973e+10 1.85247963e+03
2.60987715e-11 3.53079538e+10 1.74320449e+03
2.69043570e-11 3.42507431e+10 1.64037534e+03
2.77348083e-11 3.32251879e+10 1.54361194e+03
2.85908931e-11 3.22303405e+10 1.45255646e+03
2.94734024e-11 3.12652813e+10 1.36687223e+03
3.03831520e-11 3.03291186e+10 1.28624238e+03
3.13209826e-11 2.94209869e+10 1.21036877e+03
3.22877610e-11 2.85400470e+10 1.13897084e+03
3.32843808e-11 2.76854847e+10 1.07178457e+03
3.43117631e-11 2.68565103e+10 1.00856152e+03
3.53708574e-11 2.60523574e+10 9.49067916e+02
3.64626425e-11 2.52722829e+10 8.93083750e+02
3.75881275e-11 2.45155659e+10 8.40402011e+02
3.87483527e-11 2.37815069e+10 7.90827892e+02
3.99443903e-11 2.30694276e+10 7.44178081e+02
4.11773457e-11 2.23786697e+10 7.00280075e+02
4.24483585e-11 2.17085949e+10 6.58971550e+02
4.37586034e-11 2.10585838e+10 6.20099756e+02
4.51092914e-11 2.04280358e+10 5.83520954e+02
4.65016708e-11 1.98163679e+10 5.49099883e+02
4.79370285e-11 1.92230150e+10 5.16709263e+02
4.94166911e-11 1.86474286e+10 4.86229319e+02
5.09420261e-11 1.80890767e+10 4.57547343e+02
5.25144433e-11 1.75474433e+10 4.30557277e+02
5.41353961e-11 1.70220278e+10 4.05159316e+02
5.58063824e-11 1.65123446e+10 3.81259544e+02
5.75289468e-11 1.60179226e+10 3.58769586e+02
5.93046812e-11 1.55383049e+10 3.37606279e+02
6.11352268e-11 1.50730482e+10 3.17691365e+02
6.30222755e-11 1.46217224e+10 2.98951204e+02
6.49675714e-11 1.41839105e+10 2.81316498e+02
6.69729123e-11 1.37592078e+10 2.64722038e+02
6.90401516e-11 1.33472218e+10 2.49106462e+02
7.11712001e-11 1.29475717e+10 2.34412026e+02
7.33680271e-11 1.25598882e+10 2.20584394e+02
7.56326632e-11 1.21838129e+10 2.07572435e+02
7.79672014e-11 1.18189983e+10 1.95328032e+02
8.03737993e-11 1.14651071e+10 1.83805910e+02
8.28546811e-11 1.11218124e+10 1.72963461e+02
8.54121398e-11 1.07887968e+10 1.62760592e+02
8.80485391e-11 1.04657525e+10 1.53159577e+02
9.07663156e-11 1.01523810e+10 1.44124911e+02
9.35679811e-11 9.84839265e+09 1.35623188e+02
9.64561251e-11 9.55350650e+09 1.27622969e+02
9.94334169e-11 9.26744999e+09 1.20094672e+02
1.02502608e-10 8.98995875e+09 1.13010458e+02
1.05666535e-10 8.72077630e+09 1.06344132e+02
1.08928123e-10 8.45965387e+09 1.00071043e+02
1.12290385e-10 8.20635012e+09 9.41679944e+01
1.15756430e-10 7.96063093e+09 8.86131585e+01
1.19329460e-10 7.72226921e+09 8.33859944e+01
1.23012779e-10 7.49104464e+09 7.84671732e+01
1.26809789e-10 7.26674354e+09 7.38385064e+01
1.30724002e-10 7.04915858e+09 6.94828780e+01
1.34759033e-10 6.83808868e+09 6.53841819e+01
1.38918613e-10 6.63333875e+09 6.15272620e+01
1.43206586e-10 6.43471956e+09 5.78978564e+01
1.47626915e-10 6.24204754e+09 5.44825443e+01
1.52183685e-10 6.05514461e+09 5.12686965e+01
1.56881108e-10 5.87383804e+09 4.82444291e+01
1.61723525e-10 5.69796025e+09 4.53985589e+01
1.66715413e-10 5.52734869e+09 4.27205625e+01
1.71861384e-10 5.36184568e+09 4.02005373e+01
1.77166194e-10 5.20129826e+09 3.78291648e+01
1.82634748e-10 5.04555804e+09 3.55976763e+01
1.88272097e-10 4.89448108e+09 3.34978200e+01
1.94083454e-10 4.74792775e+09 3.15218313e+01
2.00074189e-10 4.60576260e+09 2.96624033e+01
2.06249839e-10 4.46785425e+09 2.79126603e+01
2.12616111e-10 4.33407522e+09 2.62661322e+01
2.19178889e-10 4.20430189e+09 2.47167305e+01
2.25944240e-10 4.07841429e+09 2.32587257e+01
2.32918415e-10 3.95629610e+09 2.18867266e+01
2.40107861e-10 3.83783444e+09 2.05956598e+01
2.47519222e-10 3.72291982e+09 1.93807511e+01
2.55159348e-10 3.61144605e+09 1.82375082e+01
2.63035300e-10 3.50331008e+09 1.71617035e+01
2.71154357e-10 3.39841199e+09 1.61493591e+01
2.79524024e-10 3.29665481e+09 1.51967313e+01
2.88152036e-10 3.19794450e+09 1.43002978e+01
2.97046367e-10 3.10218983e+09 1.34567436e+01
3.06215237e-10 3.00930231e+09 1.26629494e+01
3.15667121e-10 2.91919607e+09 1.19159801e+01
3.25410754e-10 2.83178785e+09 1.12130734e+01
3.35455142e-10 2.74699685e+09 1.05516301e+01
3.45809568e-10 2.66474471e+09 9.92920448e+00
3.56483603e-10 2.58495541e+09 9.34349484e+00
3.67487110e-10 2.50755521e+09 8.79233538e+00
3.78830260e-10 2.43247257e+09 8.27368802e+00
3.90523538e-10 2.35963810e+09 7.78563494e+00
4.02577749e-10 2.28898448e+09 7.32637142e+00
4.15004035e-10 2.22044641e+09 6.89419920e+00
4.27813881e-10 2.15396054e+09 6.48752020e+00
4.41019126e-10 2.08946543e+09 6.10483061e+00
4.54631974e-10 2.02690147e+09 5.74471535e+00
4.68665007e-10 1.96621084e+09 5.40584276e+00
4.83131196e-10 1.90733744e+09 5.08695979e+00
4.98043909e-10 1.85022686e+09 4.78688727e+00
5.13416930e-10 1.79482632e+09 4.50451561e+00
5.29264466e-10 1.74108461e+09 4.23880064e+00
5.45601166e-10 1.68895207e+09 3.98875983e+00
5.62442127e-10 1.63838051e+09 3.75346856e+00
5.79802914e-10 1.58932319e+09 3.53205679e+00
5.97699574e-10 1.54173477e+09 3.32370579e+00
6.16148646e-10 1.49557128e+09 3.12764511e+00
6.35167182e-10 1.45079003e+09 2.94314978e+00
6.54772759e-10 1.40734966e+09 2.76953756e+00
6.74983498e-10 1.36521000e+09 2.60616648e+00
6.95818077e-10 1.32433210e+09 2.45243243e+00
7.17295754e-10 1.28467820e+09 2.30776693e+00
7.39436377e-10 1.24621164e+09 2.17163505e+00
7.62260410e-10 1.20889686e+09 2.04353339e+00
7.85788949e-10 1.17269939e+09 1.92298826e+00
8.10043738e-10 1.13758576e+09 1.80955392e+00
8.35047194e-10 1.10352352e+09 1.70281091e+00
8.60822427e-10 1.07048119e+09 1.60236452e+00
8.87393260e-10 1.03842824e+09 1.50784332e+00
9.14784248e-10 1.00733503e+09 1.41889778e+00
9.43020709e-10 9.77172833e+08 1.33519902e+00
9.72128739e-10 9.47913770e+08 1.25643753e+00
1.00213524e-09 9.19530799e+08 1.18232207e+00
1.03306795e-09 8.91997686e+08 1.11257858e+00
1.06495545e-09 8.65288986e+08 1.04694915e+00
1.09782721e-09 8.39380012e+08 9.85191108e-01
1.13171362e-09 8.14246820e+08 9.27076087e-01
1.16664600e-09 7.89866180e+08 8.72389188e-01
1.20265663e-09 7.66215559e+08 8.20928191e-01
1.23977878e-09 7.43273098e+08 7.72502806e-01
1.27804679e-09 7.21017594e+08 7.26933965e-01
1.31749600e-09 6.99428476e+08 6.84053165e-01
1.35816288e-09 6.78485792e+08 6.43701842e-01
1.40008502e-09 6.58170186e+08 6.05730787e-01
1.44330116e-09 6.38462881e+08 5.69999590e-01
1.48785125e-09 6.19345663e+08 5.36376125e-01
1.53377645e-09 6.00800864e+08 5.04736061e-01
1.58111922e-09 5.82811344e+08 4.74962399e-01
1.62992331e-09 5.65360476e+08 4.46945043e-01
1.68023382e-09 5.48432132e+08 4.20580391e-01
1.73209726e-09 5.32010666e+08 3.95770952e-01
1.78556156e-09 5.16080901e+08 3.72424987e-01
1.84067613e-09 5.00628114e+08 3.50456167e-01
1.89749191e-09 4.85638023e+08 3.29783257e-01
1.95606140e-09 4.71096774e+08 3.10329812e-01
2.01643876e-09 4.56990928e+08 2.92023898e-01
2.07867977e-09 4.43307446e+08 2.74797824e-01
2.14284195e-09 4.30033683e+08 2.58587891e-01
2.20898462e-09 4.17157371e+08 2.43334160e-01
2.27716891e-09 4.04666608e+08 2.28980224e-01
2.34745782e-09 3.92549851e+08 2.15473006e-01
2.41991633e-09 3.80795901e+08 2.02762560e-01
2.49461140e-09 3.69393894e+08 1.90801885e-01
2.57161206e-09 3.58333293e+08 1.79546754e-01
2.65098949e-09 3.47603874e+08 1.68955546e-01
2.73281705e-09 3.37195722e+08 1.58989099e-01
2.81717036e-09 3.27099216e+08 1.49610558e-01
2.90412739e-09 3.17305026e+08 1.40785245e-01
2.99376851e-09 3.07804099e+08 1.32480523e-01
3.08617656e-09 2.98587654e+08 1.24665686e-01
3.18143694e-09 2.89647173e+08 1.17311834e-01
3.27963772e-09 2.80974393e+08 1.10391776e-01
3.38086963e-09 2.72561299e+08 1.03879923e-01
3.48522625e-09 2.64400114e+08 9.77521937e-02
3.59280403e-09 2.56483296e+08 9.19859309e-02
3.70370239e-09 2.48803527e+08 8.65598118e-02
3.81802382e-09 2.41353711e+08 8.14537717e-02
3.93587399e-09 2.34126961e+08 7.66489296e-02
4.05736182e-09 2.27116599e+08 7.21275184e-02
4.18259959e-09 2.20316145e+08 6.78728187e-02
4.31170305e-09 2.13719314e+08 6.38690977e-02
4.44479151e-09 2.07320009e+08 6.01015506e-02
4.58198800e-09 2.01112316e+08 5.65562456e-02
4.72341929e-09 1.95090497e+08 5.32200732e-02
4.86921613e-09 1.89248987e+08 5.00806968e-02
5.01951324e-09 1.83582386e+08 4.71265078e-02
5.17444954e-09 1.78085458e+08 4.43465822e-02
5.33416823e-09 1.72753123e+08 4.17306404e-02
5.49881692e-09 1.67580451e+08 3.92690093e-02
5.66854780e-09 1.62562662e+08 3.69525863e-02
5.84351772e-09 1.57695118e+08 3.47728059e-02
6.02388840e-09 1.52973322e+08 3.27216075e-02
6.20982655e-09 1.48392908e+08 3.07914065e-02
6.40150401e-09 1.43949643e+08 2.89750652e-02
6.59909794e-09 1.39639421e+08 2.72658674e-02
6.80279097e-09 1.35458259e+08 2.56574927e-02
7.01277134e-09 1.31402291e+08 2.41439937e-02
7.22923314e-09 1.27467769e+08 2.27197739e-02
7.45237642e-09 1.23651057e+08 2.13795667e-02
7.68240742e-09 1.19948626e+08 2.01184165e-02
7.91953874e-09 1.16357057e+08 1.89316598e-02
8.16398954e-09 1.12873028e+08 1.78149081e-02
8.41598576e-09 1.09493320e+08 1.67640320e-02
8.67576030e-09 1.06214808e+08 1.57751456e-02
8.94355324e-09 1.03034464e+08 1.48445923e-02
9.21961209e-09 9.99493481e+07 1.39689309e-02
9.50419200e-09 9.69566080e+07 1.31449235e-02
9.79755597e-09 9.40534783e+07 1.23695232e-02
1.00999752e-08 9.12372757e+07 1.16398626e-02
1.04117291e-08 8.85053975e+07 1.09532437e-02
1.07331058e-08 8.58553187e+07 1.03071274e-02
1.10644024e-08 8.32845900e+07 9.69912467e-03
1.14059251e-08 8.07908356e+07 9.12698711e-03
1.17579895e-08 7.83717506e+07 8.58859913e-03
1.21209210e-08 7.60250992e+07 8.08196989e-03
1.24950550e-08 7.37487126e+07 7.60522599e-03
1.28807373e-08 7.15404868e+07 7.15660453e-03
1.32783244e-08 6.93983810e+07 6.73444661e-03
1.36881838e-08 6.73204153e+07 6.33719119e-03
1.41106942e-08 6.53046693e+07 5.96336930e-03
1.45462462e-08 6.33492798e+07 5.61159864e-03
1.49952422e-08 6.14524398e+07 5.28057842e-03
1.54580973e-08 5.96123960e+07 4.96908461e-03
1.59352393e-08 5.78274478e+07 4.67596538e-03
1.64271091e-08 5.60959456e+07 4.40013684e-03
1.69341614e-08 5.44162890e+07 4.14057903e-03
1.74568647e-08 5.27869256e+07 3.89633217e-03
1.79957022e-08 5.12063495e+07 3.66649308e-03
1.85511719e-08 4.96731000e+07 3.45021187e-03
1.91237872e-08 4.81857598e+07 3.24668878e-03
1.97140773e-08 4.67429545e+07 3.05517123e-03
2.03225877e-08 4.53433505e+07 2.87495103e-03
2.09498810e-08 4.39856541e+07 2.70536176e-03
2.15965367e-08 4.26686107e+07 2.54577632e-03
2.22631526e-08 4.13910030e+07 2.39560460e-03
2.29503449e-08 4.01516501e+07 2.25429129e-03
2.36587486e-08 3.89494066e+07 2.12131386e-03
2.43890184e-08 3.77831614e+07 1.99618057e-03
2.51418293e-08 3.66518366e+07 1.87842872e-03
2.59178770e-08 3.55543865e+07 1.76762288e-03
2.67178789e-08 3.44897969e+07 1.66335333e-03
2.75425743e-08 3.34570839e+07 1.56523448e-03
2.83927254e-08 3.24552929e+07 1.47290353e-03
2.92691179e-08 3.14834981e+07 1.38601904e-03
3.01725619e-08 3.05408013e+07 1.30425975e-03
3.11038923e-08 2.96263314e+07 1.22732333e-03
3.20639698e-08 2.87392429e+07 1.15492527e-03
3.30536819e-08 2.78787162e+07 1.08679787e-03
3.40739432e-08 2.70439559e+07 1.02268921e-03
3.51256968e-08 2.62341904e+07 9.62362232e-04
3.62099146e-08 2.54486714e+07 9.05593853e-04
3.73275987e-08 2.46866729e+07 8.52174161e-04
3.84797821e-08 2.39474905e+07 8.01905620e-04
3.96675298e-08 2.32304412e+07 7.54602349e-04
4.08919395e-08 2.25348621e+07 7.10089430e-04
4.21541427e-08 2.18601105e+07 6.68202265e-04
4.34553061e-08 2.12055627e+07 6.28785965e-04
4.47966323e-08 2.05706137e+07 5.91694775e-04
4.61793609e-08 1.99546767e+07 5.56791543e-04
4.76047699e-08 1.93571825e+07 5.23947202e-04
4.90741767e-08 1.87775788e+07 4.93040302e-04
5.05889394e-08 1.82153298e+07 4.63956557e-04
5.21504580e-08 1.76699161e+07 4.36588420e-04
5.37601757e-08 1.71408335e+07 4.10834690e-04
5.54195802e-08 1.66275929e+07 3.86600136e-04
5.71302052e-08 1.61297201e+07 3.63795145e-04
5.88936317e-08 1.56467549e+07 3.42335387e-04
6.07114895e-08 1.51782509e+07 3.22141510e-04
6.25854588e-08 1.47237751e+07 3.03138840e-04
6.45172716e-08 1.42829074e+07 2.85257112e-04
6.65087132e-08 1.38552405e+07 2.68430201e-04
6.85616242e-08 1.34403791e+07 2.52595885e-04
7.06779020e-08 1.30379396e+07 2.37695613e-04
7.28595026e-08 1.26475502e+07 2.23674287e-04
7.51084421e-08 1.22688501e+07 2.10480060e-04
7.74267992e-08 1.19014892e+07 1.98064140e-04
7.98167166e-08 1.15451281e+07 1.86380619e-04
8.22804031e-08 1.11994373e+07 1.75386291e-04
8.48201357e-08 1.08640974e+07 1.65040504e-04
8.74382617e-08 1.05387985e+07 1.55304999e-04
9.01372009e-08 1.02232398e+07 1.46143778e-04
9.29194477e-08 9.91712974e+06 1.37522965e-04
9.57875736e-08 9.62018542e+06 1.29410681e-04
9.87442293e-08 9.33213237e+06 1.21776929e-04
1.01792147e-07 9.05270437e+06 1.14593481e-04
1.04934145e-07 8.78164316e+06 1.07833775e-04
1.08173126e-07 8.51869822e+06 1.01472814e-04
1.11512084e-07 8.26362653e+06 9.54870771e-05
1.14954105e-07 8.01619234e+06 8.98544303e-05
1.18502370e-07 7.77616696e+06 8.45540453e-05
1.22160159e-07 7.54332856e+06 7.95663226e-05
1.25930852e-07 7.31746194e+06 7.48728184e-05
1.29817934e-07 7.09835835e+06 7.04561774e-05
1.33824998e-07 6.88581528e+06 6.63000678e-05
1.37955748e-07 6.67963629e+06 6.23891212e-05
1.42214000e-07 6.47963083e+06 5.87088757e-05
1.46603691e-07 6.28561405e+06 5.52457227e-05
1.51128877e-07 6.09740663e+06 5.19868561e-05
1.55793742e-07 5.91483463e+06 4.89202255e-05
1.60602596e-07 5.73772929e+06 4.60344910e-05
1.65559884e-07 5.56592695e+06 4.33189819e-05
1.70670187e-07 5.39926881e+06 4.07636568e-05
1.75938229e-07 5.23760084e+06 3.83590667e-05
1.81368879e-07 5.08077363e+06 3.60963200e-05
1.86967156e-07 4.92864222e+06 3.39670494e-05
1.92738233e-07 4.78106602e+06 3.19633815e-05
1.98687445e-07 4.63790863e+06 3.00779071e-05
2.04820291e-07 4.49903774e+06 2.83036542e-05
2.11142437e-07 4.36432500e+06 2.66340619e-05
2.17659728e-07 4.23364591e+06 2.50629565e-05
2.24378187e-07 4.10687968e+06 2.35845284e-05
2.31304023e-07 3.98390916e+06 2.21933106e-05
2.38443638e-07 3.86462069e+06 2.08841588e-05
2.45803630e-07 3.74890403e+06 1.96522320e-05
2.53390801e-07 3.63665222e+06 1.84929748e-05
2.61212164e-07 3.52776152e+06 1.74021005e-05
2.69274947e-07 3.42213128e+06 1.63755754e-05
2.77586602e-07 3.31966389e+06 1.54096035e-05
2.86154812e-07 3.22026463e+06 1.45006129e-05
2.94987495e-07 3.12384164e+06 1.36452424e-05
3.04092814e-07 3.03030580e+06 1.28403290e-05
3.13479186e-07 2.93957067e+06 1.20828963e-05
3.23155284e-07 2.85155237e+06 1.13701434e-05
3.33130053e-07 2.76616958e+06 1.06994348e-05
3.43412711e-07 2.68334336e+06 1.00682904e-05
3.54012762e-07 2.60299717e+06 9.47437627e-06
3.64940003e-07 2.52505675e+06 8.91549630e-06
3.76204532e-07 2.44945007e+06 8.38958386e-06
3.87816762e-07 2.37610725e+06 7.89469425e-06
3.99787423e-07 2.30496050e+06 7.42899747e-06
4.12127581e-07 2.23594406e+06 6.99077148e-06
4.24848640e-07 2.16899416e+06 6.57839582e-06
4.37962357e-07 2.10404891e+06 6.19034562e-06
4.51480853e-07 2.04104828e+06 5.82518594e-06
4.65416621e-07 1.97993405e+06 5.48156651e-06
4.79782542e-07 1.92064975e+06 5.15821670e-06
4.94591893e-07 1.86314056e+06 4.85394084e-06
5.09858361e-07 1.80735335e+06 4.56761378e-06
5.25596056e-07 1.75323655e+06 4.29817674e-06
5.41819524e-07 1.70074015e+06 4.04463342e-06
5.58543758e-07 1.64981562e+06 3.80604625e-06
5.75784215e-07 1.60041591e+06 3.58153300e-06
5.93556830e-07 1.55249535e+06 3.37026346e-06
6.11878029e-07 1.50600965e+06 3.17145642e-06
6.30764745e-07 1.46091586e+06 2.98437672e-06
6.50234433e-07 1.41717229e+06 2.80833258e-06
6.70305088e-07 1.37473851e+06 2.64267304e-06
6.90995260e-07 1.33357531e+06 2.48678552e-06
7.12324071e-07 1.29364464e+06 2.34009358e-06
7.34311235e-07 1.25490960e+06 2.20205479e-06
7.56977071e-07 1.21733439e+06 2.07215871e-06
7.80342530e-07 1.18088427e+06 1.94992502e-06
8.04429205e-07 1.14552556e+06 1.83490172e-06
8.29259359e-07 1.11122559e+06 1.72666348e-06
8.54855941e-07 1.07795264e+06 1.62481006e-06
8.81242606e-07 1.04567597e+06 1.52896482e-06
9.08443744e-07 1.01436575e+06 1.43877336e-06
9.36484494e-07 9.83993034e+05 1.35390217e-06
9.65390772e-07 9.54529756e+05 1.27403741e-06
9.95189294e-07 9.25948685e+05 1.19888376e-06
1.02590760e-06 8.98223405e+05 1.12816331e-06
1.05757408e-06 8.71328290e+05 1.06161456e-06
1.09021801e-06 8.45238484e+05 9.98991429e-07
1.12386955e-06 8.19929874e+05 9.40062346e-07
1.15855980e-06 7.95379069e+05 8.84609406e-07
1.19432084e-06 7.71563378e+05 8.32427556e-07
1.23118570e-06 7.48460790e+05 7.83323840e-07
1.26918846e-06 7.26049952e+05 7.37116681e-07
1.30836424e-06 7.04310153e+05 6.93635217e-07
1.34874925e-06 6.83221299e+05 6.52718663e-07
1.39038083e-06 6.62763900e+05 6.14215718e-07
1.43329743e-06 6.42919047e+05 5.77984007e-07
1.47753873e-06 6.23668400e+05 5.43889553e-07
1.52314562e-06 6.04994168e+05 5.11806282e-07
1.57016025e-06 5.86879089e+05 4.81615558e-07
1.61862607e-06 5.69306423e+05 4.53205742e-07
1.66858788e-06 5.52259927e+05 4.26471780e-07
1.72009184e-06 5.35723847e+05 4.01314817e-07
1.77318557e-06 5.19682900e+05 3.77641827e-07
1.82791813e-06 5.04122260e+05 3.55365273e-07
1.88434011e-06 4.89027545e+05 3.34402781e-07
1.94250366e-06 4.74384805e+05 3.14676837e-07
2.00246252e-06 4.60180506e+05 2.96114499e-07
2.06427213e-06 4.46401521e+05 2.78647126e-07
2.12798960e-06 4.33035113e+05 2.62210128e-07
2.19367383e-06 4.20068930e+05 2.46742726e-07
2.26138552e-06 4.07490988e+05 2.32187724e-07
2.33118725e-06 3.95289662e+05 2.18491300e-07
2.40314353e-06 3.83453675e+05 2.05602810e-07
2.47732088e-06 3.71972087e+05 1.93474592e-07
2.55378784e-06 3.60834288e+05 1.82061802e-07
2.63261510e-06 3.50029983e+05 1.71322235e-07
2.71387549e-06 3.39549187e+05 1.61216180e-07
2.79764414e-06 3.29382213e+05 1.51706267e-07
2.88399846e-06 3.19519664e+05 1.42757330e-07
2.97301826e-06 3.09952425e+05 1.34336279e-07
3.06478581e-06 3.00671654e+05 1.26411973e-07
3.15938594e-06 2.91668772e+05 1.18955110e-07
3.25690607e-06 2.82935461e+05 1.11938118e-07
3.35743633e-06 2.74463647e+05 1.05335048e-07
3.46106964e-06 2.66245501e+05 9.91214830e-08
3.56790178e-06 2.58273427e+05 9.32744478e-08
3.67803148e-06 2.50540057e+05 8.77723209e-08
3.79156054e-06 2.43038245e+05 8.25947566e-08
3.90859387e-06 2.35761056e+05 7.77226094e-08
4.02923965e-06 2.28701765e+05 7.31378633e-08
4.15360938e-06 2.21853847e+05 6.88235649e-08
4.28181800e-06 2.15210973e+05 6.47637607e-08
4.41398401e-06 2.08767004e+05 6.09434387e-08
4.55022956e-06 2.02515984e+05 5.73484719e-08
4.69068058e-06 1.96452136e+05 5.39655672e-08
4.83546687e-06 1.90569854e+05 5.07822152e-08
4.98472225e-06 1.84863704e+05 4.77866446e-08
5.13858467e-06 1.79328410e+05 4.49677784e-08
5.29719632e-06 1.73958857e+05 4.23151932e-08
5.46070381e-06 1.68750082e+05 3.98190802e-08
5.62925826e-06 1.63697272e+05 3.74702093e-08
5.80301544e-06 1.58795755e+05 3.52598950e-08
5.98213594e-06 1.54041003e+05 3.31799640e-08
6.16678533e-06 1.49428620e+05 3.12227251e-08
6.35713424e-06 1.44954343e+05 2.93809410e-08
6.55335862e-06 1.40614038e+05 2.76478011e-08
6.75563982e-06 1.36403693e+05 2.60168967e-08
6.96416479e-06 1.32319416e+05 2.44821970e-08
7.17912626e-06 1.28357433e+05 2.30380270e-08
7.40072290e-06 1.24514082e+05 2.16790466e-08
7.62915952e-06 1.20785811e+05 2.04002305e-08
7.86464725e-06 1.17169173e+05 1.91968499e-08
8.10740373e-06 1.13660828e+05 1.80644551e-08
8.35765333e-06 1.10257531e+05 1.69988586e-08
8.61562733e-06 1.06956137e+05 1.59961201e-08
8.88156416e-06 1.03753596e+05 1.50525317e-08
9.15570960e-06 1.00646947e+05 1.41646043e-08
9.43831705e-06 9.76333189e+04 1.33290545e-08
9.72964767e-06 9.47099267e+04 1.25427925e-08
1.00299707e-05 9.18740684e+04 1.18029110e-08
1.03395638e-05 8.91231229e+04 1.11066741e-08
1.06587131e-05 8.64545479e+04 1.04515072e-08
1.09877134e-05 8.38658768e+04 9.83498768e-09
1.13268689e-05 8.13547171e+04 9.25483575e-09
1.16764931e-05 7.89187481e+04 8.70890616e-09
1.20369091e-05 7.65557181e+04 8.19518018e-09
1.24084499e-05 7.42634434e+04 7.71175817e-09
1.27914590e-05 7.20398053e+04 7.25685253e-09
1.31862904e-05 6.98827486e+04 6.82878113e-09
1.35933090e-05 6.77902797e+04 6.42596105e-09
1.40128909e-05 6.57604647e+04 6.04690275e-09
1.44454240e-05 6.37914276e+04 5.69020456e-09
1.48913080e-05 6.18813485e+04 5.35454749e-09
1.53509550e-05 6.00284621e+04 5.03869036e-09
1.58247898e-05 5.82310558e+04 4.74146519e-09
1.63132504e-05 5.64874685e+04 4.46177290e-09
1.68167882e-05 5.47960887e+04 4.19857927e-09
1.73358686e-05 5.31553532e+04 3.95091105e-09
1.78709714e-05 5.15637454e+04 3.71785243e-09
1.84225910e-05 5.00197945e+04 3.49854161e-09
1.89912374e-05 4.85220735e+04 3.29216762e-09
1.95774361e-05 4.70691980e+04 3.09796734e-09
2.01817289e-05 4.56598254e+04 2.91522265e-09
2.08046743e-05 4.42926530e+04 2.74325782e-09
2.14468479e-05 4.29664173e+04 2.58143694e-09
2.21088435e-05 4.16798925e+04 2.42916165e-09
2.27912727e-05 4.04318895e+04 2.28586886e-09
2.34947663e-05 3.92212549e+04 2.15102871e-09
2.42199745e-05 3.80468699e+04 2.02414259e-09
2.49675676e-05 3.69076489e+04 1.90474130e-09
2.57382364e-05 3.58025392e+04 1.79238332e-09
2.65326934e-05 3.47305192e+04 1.68665318e-09
2.73516727e-05 3.36905983e+04 1.58715991e-09
2.81959312e-05 3.26818153e+04 1.49353561e-09
2.90662494e-05 3.17032379e+04 1.40543407e-09
2.99634314e-05 3.07539616e+04 1.32252951e-09
3.08883066e-05 2.98331090e+04 1.24451538e-09
3.18417297e-05 2.89398291e+04 1.17110319e-09
3.28245820e-05 2.80732964e+04 1.10202148e-09
3.38377717e-05 2.72327098e+04 1.03701480e-09
3.48822354e-05 2.64172926e+04 9.75842771e-10
3.59589383e-05 2.56262910e+04 9.18279194e-10
3.70688756e-05 2.48589741e+04 8.64111212e-10
3.82130731e-05 2.41146326e+04 8.13138521e-10
3.93925883e-05 2.33925786e+04 7.65172637e-10
4.06085114e-05 2.26921447e+04 7.20036192e-10
4.18619661e-05 2.20126837e+04 6.77562282e-10
4.31541110e-05 2.13535674e+04 6.37593847e-10
4.44861402e-05 2.07141868e+04 5.99983094e-10
4.58592849e-05 2.00939509e+04 5.64590945e-10
4.72748142e-05 1.94922864e+04 5.31286529e-10
4.87340364e-05 1.89086373e+04 4.99946693e-10
5.02383001e-05 1.83424642e+04 4.70455549e-10
5.17889955e-05 1.77932437e+04 4.42704045e-10
5.33875560e-05 1.72604683e+04 4.16589564e-10
5.50354589e-05 1.67436456e+04 3.92015538e-10
5.67342273e-05 1.62422978e+04 3.68891100e-10
5.84854313e-05 1.57559618e+04 3.47130739e-10
6.02906893e-05 1.52841878e+04 3.26653991e-10
6.21516698e-05 1.48265400e+04 3.07385137e-10
6.40700929e-05 1.43825953e+04 2.89252925e-10
6.60477315e-05 1.39519435e+04 2.72190306e-10
6.80864135e-05 1.35341865e+04 2.56134188e-10
7.01880231e-05 1.31289382e+04 2.41025196e-10
7.23545026e-05 1.27358241e+04 2.26807463e-10
7.45877839e-05 1.23544808e+04 2.13428817e-10
7.68899554e-05 1.19845560e+04 2.00839554e-10
7.92632777e-05 1.16257076e+04 1.88992431e-10
8.17098914e-05 1.12776041e+04 1.77843993e-10
8.42320692e-05 1.09399236e+04 1.67353010e-10
8.68321078e-05 1.06123542e+04 1.57480861e-10
8.95123622e-05 1.02945931e+04 1.48191205e-10
9.22753407e-05 9.98634657e+03 1.39449561e-10
9.51235129e-05 9.68732972e+03 1.31223829e-10
9.80596099e-05 9.39726620e+03 1.23483276e-10
1.01086396e-04 9.11588793e+03 1.16199174e-10
1.04206637e-04 8.84293484e+03 1.09344692e-10
1.07423270e-04 8.57815467e+03 1.02894398e-10
1.10739121e-04 8.32130270e+03 9.68247370e-11
1.14157197e-04 8.07214154e+03 9.11133204e-11
1.17680832e-04 7.83044090e+03 8.57387213e-11
1.21313293e-04 7.59597740e+03 8.06810759e-11
1.25057859e-04 7.36853434e+03 7.59217984e-11
1.28917995e-04 7.14790150e+03 7.14432795e-11
1.32897281e-04 6.93387498e+03 6.72289422e-11
1.36999394e-04 6.72625697e+03 6.32632026e-11
1.41228155e-04 6.52485557e+03 5.95313724e-11
1.45587452e-04 6.32948464e+03 5.60196738e-11
1.50081206e-04 6.13996362e+03 5.27151982e-11
1.54713657e-04 5.95611735e+03 4.96056524e-11
1.59489212e-04 5.77777591e+03 4.66794619e-11
1.64412188e-04 5.60477446e+03 4.39258778e-11
1.69487237e-04 5.43695313e+03 4.13346694e-11
1.74718909e-04 5.27415680e+03 3.88963318e-11
1.80111968e-04 5.11623500e+03 3.66018742e-11
1.85671448e-04 4.96304179e+03 3.44427816e-11
1.91402435e-04 4.81443558e+03 3.24110834e-11
1.97310317e-04 4.67027902e+03 3.04992302e-11
2.03400553e-04 4.53043888e+03 2.87001527e-11
2.09678901e-04 4.39478591e+03 2.70071654e-11
2.16151152e-04 4.26319474e+03 2.54140195e-11
2.22823113e-04 4.13554374e+03 2.39148683e-11
2.29700977e-04 4.01171495e+03 2.25041586e-11
2.36791096e-04 3.89159390e+03 2.11766731e-11
2.44100048e-04 3.77506959e+03 1.99274962e-11
2.51634740e-04 3.66203432e+03 1.87519860e-11
2.59402027e-04 3.55238361e+03 1.76458156e-11
2.67409072e-04 3.44601613e+03 1.66048973e-11
2.75663275e-04 3.34283356e+03 1.56253820e-11
2.84172333e-04 3.24274054e+03 1.47036407e-11
2.92944001e-04 3.14564456e+03 1.38362770e-11
3.01986244e-04 3.05145589e+03 1.30200947e-11
3.11307593e-04 2.96008747e+03 1.22520579e-11
3.20916661e-04 2.87145485e+03 1.15293264e-11
3.30822331e-04 2.78547612e+03 1.08492279e-11
3.41033757e-04 2.70207181e+03 1.02092474e-11
3.51560488e-04 2.62116485e+03 9.60701234e-12
3.62412261e-04 2.54268044e+03 9.04029709e-12
3.73598887e-04 2.46654606e+03 8.50701737e-12
3.85130736e-04 2.39269134e+03 8.00519853e-12
3.97018681e-04 2.32104802e+03 7.53297597e-12
4.09273630e-04 2.25154989e+03 7.08860766e-12
4.21907166e-04 2.18413270e+03 6.67044276e-12
4.34930734e-04 2.11873416e+03 6.27694423e-12
4.48355707e-04 2.05529382e+03 5.90667482e-12
4.62195019e-04 1.99375305e+03 5.55824831e-12
4.76461801e-04 1.93405497e+03 5.23036853e-12
4.91168979e-04 1.87614440e+03 4.92182996e-12
5.06330304e-04 1.81996782e+03 4.63148887e-12
5.21959585e-04 1.76547331e+03 4.35827582e-12
5.38071212e-04 1.71261050e+03 4.10118115e-12
5.54680234e-04 1.66133055e+03 3.85925153e-12
5.71802082e-04 1.61158605e+03 3.63159159e-12
5.89452544e-04 1.56333103e+03 3.41736032e-12
6.07647967e-04 1.51652088e+03 3.21576547e-12
6.26404832e-04 1.47111235e+03 3.02606510e-12
6.45740506e-04 1.42706347e+03 2.84755687e-12
6.65673257e-04 1.38433353e+03 2.67957703e-12
6.86221396e-04 1.34288303e+03 2.52150571e-12
7.07404039e-04 1.30267366e+03 2.37275772e-12
7.29240599e-04 1.26366827e+03 2.23278439e-12
7.51751166e-04 1.22583080e+03 2.10106866e-12
7.74956559e-04 1.18912628e+03 1.97712328e-12
7.98878698e-04 1.15352078e+03 1.86048762e-12
8.23539235e-04 1.11898141e+03 1.75073283e-12
8.48960862e-04 1.08547624e+03 1.64745336e-12
8.75167279e-04 1.05297429e+03 1.55026636e-12
9.02183047e-04 1.02144554e+03 1.45881138e-12
9.30032816e-04 9.90860836e+02 1.37275148e-12
9.58742476e-04 9.61191919e+02 1.29176802e-12
9.88338630e-04 9.32411365e+02 1.21556147e-12
1.01884879e-03 9.04492576e+02 1.14384979e-12
1.05030087e-03 8.77409746e+02 1.07636859e-12
1.08272394e-03 8.51137846e+02 1.01286832e-12
1.11614820e-03 8.25652594e+02 9.53113759e-13
1.15060441e-03 8.00930436e+02 8.96884251e-13
1.18612468e-03 7.76948522e+02 8.43971494e-13
1.22274155e-03 7.53684689e+02 7.94180327e-13
1.26048998e-03 7.31117435e+02 7.47325278e-13
1.29940384e-03 7.09225902e+02 7.03234507e-13
1.33951938e-03 6.87989858e+02 6.61744688e-13
1.38087325e-03 6.67389676e+02 6.22702821e-13
1.42350484e-03 6.47406315e+02 5.85963505e-13
1.46745259e-03 6.28021308e+02 5.51391808e-13
1.51275825e-03 6.09216738e+02 5.18859060e-13
1.55946293e-03 5.90975225e+02 4.88245620e-13
1.60761087e-03 5.73279910e+02 4.59437665e-13
1.65724580e-03 5.56114438e+02 4.32329243e-13
1.70841422e-03 5.39462944e+02 4.06819828e-13
1.76116330e-03 5.23310039e+02 3.82815236e-13
1.81554199e-03 5.07640793e+02 3.60226676e-13
1.87160074e-03 4.92440724e+02 3.38970615e-13
1.92939098e-03 4.77695785e+02 3.18968633e-13
1.98896792e-03 4.63392347e+02 3.00146242e-13
2.05038515e-03 4.49517190e+02 2.82434386e-13
2.11370161e-03 4.36057492e+02 2.65767035e-13
2.17897336e-03 4.23000811e+02 2.50083261e-13
2.24626470e-03 4.10335081e+02 2.35324206e-13
2.31563369e-03 3.98048595e+02 2.21436264e-13
2.38715011e-03 3.86129999e+02 2.08367033e-13
2.46087480e-03 3.74568275e+02 1.96069224e-13
2.53688153e-03 3.63352739e+02 1.84496484e-13
2.61523619e-03 3.52473026e+02 1.73606759e-13
2.69601616e-03 3.41919079e+02 1.63359158e-13
2.77929315e-03 3.31681144e+02 1.53716240e-13
2.86514827e-03 3.21749759e+02 1.44641949e-13
2.95365874e-03 3.12115745e+02 1.36103042e-13
3.04490835e-03 3.02770198e+02 1.28067820e-13
3.13898266e-03 2.93704481e+02 1.20506544e-13
3.23596786e-03 2.84910215e+02 1.13391387e-13
3.33595796e-03 2.76379272e+02 1.06695801e-13
3.43904079e-03 2.68103767e+02 1.00395400e-13
3.54532060e-03 2.60076052e+02 9.44664157e-14
3.65488609e-03 2.52288708e+02 8.88875171e-14
3.76785461e-03 2.44734536e+02 8.36373364e-14
3.88431374e-03 2.37406556e+02 7.86973058e-14
4.00439570e-03 2.30297994e+02 7.40481978e-14
4.12818769e-03 2.23402281e+02 6.96738159e-14
4.25583270e-03 2.16713043e+02 6.55570454e-14
4.38742488e-03 2.10224098e+02 6.16835101e-14
4.52311294e-03 2.03929449e+02 5.80381556e-14
4.66300330e-03 1.97823278e+02 5.46080942e-14
4.80724785e-03 1.91899941e+02 5.13801584e-14
4.95596606e-03 1.86153964e+02 4.83428021e-14
5.10930871e-03 1.80580037e+02 4.54845789e-14
5.26741913e-03 1.75173007e+02 4.27949686e-14
5.43044579e-03 1.69927877e+02 4.02640540e-14
5.59855174e-03 1.64839801e+02 3.78823641e-14
5.77187844e-03 1.59904074e+02 3.56413474e-14
5.95062175e-03 1.55116135e+02 3.35323334e-14
6.13491041e-03 1.50471560e+02 3.15480134e-14
6.32497978e-03 1.45966055e+02 2.96804297e-14
6.52093770e-03 1.41595457e+02 2.79234042e-14
6.72306328e-03 1.37355725e+02 2.62696368e-14
6.93144280e-03 1.33242942e+02 2.47138939e-14
7.14640376e-03 1.29253307e+02 2.32494866e-14
7.36802475e-03 1.25383131e+02 2.18718901e-14
7.59664683e-03 1.21628838e+02 2.05752250e-14
7.83237606e-03 1.17986958e+02 1.93553667e-14
8.07554150e-03 1.14454126e+02 1.82072837e-14
8.32629918e-03 1.11027076e+02 1.71271240e-14
8.58496189e-03 1.07702640e+02 1.61106003e-14
8.85174052e-03 1.04477746e+02 1.51541338e-14
9.12691559e-03 1.01349415e+02 1.42541196e-14
9.41077134e-03 9.83147529e+01 1.34071980e-14
9.70353937e-03 9.53709568e+01 1.26103785e-14
1.00056049e-02 9.25153056e+01 1.18604663e-14
1.03171294e-02 8.97451598e+01 1.11550292e-14
1.06386222e-02 8.70579594e+01 1.04910194e-14
1.09701477e-02 8.44512206e+01 9.86650906e-15
1.13123644e-02 8.19225343e+01 9.27858380e-15
1.16652138e-02 7.94695633e+01 8.72575592e-15
1.20295518e-02 7.70900406e+01 8.20520760e-15
1.24052144e-02 7.47817668e+01 7.71578138e-15
1.27931079e-02 7.25426088e+01 7.25498207e-15
1.31931357e-02 7.03704969e+01 6.82169676e-15
1.36061478e-02 6.82634235e+01 6.41383963e-15
1.40321863e-02 6.62194414e+01 6.03028420e-15
1.44720074e-02 6.42366613e+01 5.66931925e-15
1.49258276e-02 6.23132508e+01 5.32980871e-15
1.53942690e-02 6.04474321e+01 5.01037608e-15
1.58777677e-02 5.86374808e+01 4.70987713e-15
1.63767628e-02 5.68817241e+01 4.42723270e-15
1.68919599e-02 5.51785393e+01 4.16129382e-15
1.74235645e-02 5.35263522e+01 3.91123989e-15
1.79726219e-02 5.19236358e+01 3.67591609e-15
1.85390444e-02 5.03689088e+01 3.45472734e-15
1.91242607e-02 4.88607344e+01 3.24652802e-15
1.97278385e-02 4.73977186e+01 3.05091043e-15
2.03516611e-02 4.59785092e+01 2.86674288e-15
2.09949774e-02 4.46017946e+01 2.69375221e-15
2.16599250e-02 4.32663024e+01 2.53089758e-15
2.23457568e-02 4.19707982e+01 2.37792597e-15
2.30544533e-02 4.07140848e+01 2.23397758e-15
2.37856264e-02 3.94950006e+01 2.09874310e-15
2.45409545e-02 3.83124189e+01 1.97153987e-15
2.53204571e-02 3.71652467e+01 1.85201877e-15
2.61254612e-02 3.60524238e+01 1.73964461e-15
2.69564316e-02 3.49729217e+01 1.63404369e-15
2.78143068e-02 3.39257427e+01 1.53480069e-15
2.87000296e-02 3.29099188e+01 1.44153031e-15
2.96141376e-02 3.19245114e+01 1.35391153e-15
3.05580552e-02 3.09686096e+01 1.27156055e-15
3.15319296e-02 3.00413299e+01 1.19422833e-15
3.25376193e-02 2.91418154e+01 1.12154556e-15
3.35749364e-02 2.82692346e+01 1.05331452e-15
3.46461106e-02 2.74227811e+01 9.89189487e-16
3.57507219e-02 2.66016727e+01 9.29006674e-16
3.68912109e-02 2.58051503e+01 8.72454215e-16
3.80672362e-02 2.50324779e+01 8.19380780e-16
3.92809373e-02 2.42829412e+01 7.69528631e-16
4.05324970e-02 2.35558476e+01 7.22739427e-16
4.18236249e-02 2.28505251e+01 6.78805144e-16
4.31549619e-02 2.21663217e+01 6.37568703e-16
4.45279313e-02 2.15026051e+01 5.98857411e-16
4.59434716e-02 2.08587619e+01 5.62523732e-16
4.74028948e-02 2.02341971e+01 5.28419381e-16
4.89072801e-02 1.96283333e+01 4.96411055e-16
5.04580428e-02 1.90406106e+01 4.66366841e-16
5.20561761e-02 1.84704858e+01 4.38171312e-16
5.37034249e-02 1.79174321e+01 4.11703444e-16
5.54004810e-02 1.73809381e+01 3.86866741e-16
5.71496589e-02 1.68605082e+01 3.63547516e-16
5.89511988e-02 1.63556613e+01 3.41667118e-16
6.08081682e-02 1.58659309e+01 3.21117981e-16
6.27201329e-02 1.53908642e+01 3.01838426e-16
6.46909212e-02 1.49300222e+01 2.83727737e-16
6.67199979e-02 1.44829790e+01 2.66732796e-16
6.88112444e-02 1.40493214e+01 2.50766572e-16
7.09645777e-02 1.36286487e+01 2.35779054e-16
7.31835313e-02 1.32205719e+01 2.21697984e-16
7.54687081e-02 1.28247141e+01 2.08475313e-16
7.78232416e-02 1.24407092e+01 1.96051348e-16
8.02485480e-02 1.20682024e+01 1.84380123e-16
8.27472440e-02 1.17068495e+01 1.73412896e-16
8.53215456e-02 1.13563164e+01 1.63106414e-16
8.79736556e-02 1.10162791e+01 1.53420428e-16
9.07065273e-02 1.06864234e+01 1.44314971e-16
9.35240762e-02 1.03664445e+01 1.35750554e-16
9.64287375e-02 1.00560465e+01 1.27695474e-16
9.94174458e-02 9.75494266e+00 1.20133260e-16
1.02497126e-01 9.46285464e+00 1.13022547e-16
1.05671872e-01 9.17951248e+00 1.06333392e-16
1.08944581e-01 8.90465431e+00 1.00040811e-16
1.12317061e-01 8.63802610e+00 9.41232689e-17
1.15793644e-01 8.37938143e+00 8.85562105e-17
1.19377542e-01 8.12848124e+00 8.33188381e-17
1.23072089e-01 7.88509364e+00 7.83915632e-17
1.26880749e-01 7.64899370e+00 7.37559398e-17
1.30806974e-01 7.41996319e+00 6.93947588e-17
1.34854392e-01 7.19779045e+00 6.52917448e-17
1.39027687e-01 6.98227012e+00 6.14307574e-17
1.43330950e-01 6.77320303e+00 5.77974273e-17
1.47767046e-01 6.57039595e+00 5.43792590e-17
1.52340074e-01 6.37366143e+00 5.11634876e-17
1.57056968e-01 6.18281764e+00 4.81364490e-17
1.61920832e-01 5.99768821e+00 4.52879865e-17
1.66934836e-01 5.81810203e+00 4.26083303e-17
1.72103614e-01 5.64389312e+00 4.00874550e-17
1.77437399e-01 5.47490047e+00 3.77136130e-17
1.82936587e-01 5.31096790e+00 3.54803032e-17
1.88605530e-01 5.15194388e+00 3.33794842e-17
1.94450287e-01 4.99768146e+00 3.14030107e-17
2.00483556e-01 4.84803805e+00 2.95413918e-17
2.06703076e-01 4.70287534e+00 2.77903865e-17
2.13114596e-01 4.56205918e+00 2.61434004e-17
2.19727794e-01 4.42545942e+00 2.45933945e-17
2.26553788e-01 4.29294980e+00 2.31337379e-17
2.33590520e-01 4.16440787e+00 2.17609594e-17
2.40844494e-01 4.03971480e+00 2.04698670e-17
2.48331104e-01 3.91875537e+00 1.92542331e-17
2.56057045e-01 3.80141778e+00 1.81098565e-17
2.64021531e-01 3.68759357e+00 1.70337306e-17
2.72231925e-01 3.57717755e+00 1.60217650e-17
2.80712403e-01 3.47006767e+00 1.50683348e-17
2.89460933e-01 3.36616494e+00 1.41712628e-17
2.98479621e-01 3.26537332e+00 1.33278193e-17
3.07776804e-01 3.16759966e+00 1.25347794e-17
3.17389599e-01 3.07275360e+00 1.17869946e-17
3.27301006e-01 2.98074747e+00 1.10839303e-17
3.37518545e-01 2.89149623e+00 1.04230108e-17
3.48052834e-01 2.80491742e+00 9.80162578e-18
3.58918868e-01 2.72093099e+00 9.21713370e-18
3.70120509e-01 2.63945933e+00 8.66766593e-18
3.81668110e-01 2.56042714e+00 8.15110930e-18
3.93631609e-01 2.48376138e+00 7.66317133e-18
4.06067408e-01 2.40939119e+00 7.20098986e-18
4.18857306e-01 2.33724783e+00 6.76793651e-18
4.32008423e-01 2.26726463e+00 6.36215196e-18
4.45584100e-01 2.19937691e+00 5.98038433e-18
4.59592600e-01 2.13352192e+00 5.62137311e-18
4.74057762e-01 2.06963879e+00 5.28355148e-18
4.88981028e-01 2.00766850e+00 4.96597408e-18
5.04395488e-01 1.94755375e+00 4.66708897e-18
5.20294504e-01 1.88923899e+00 4.38621574e-18
5.36722066e-01 1.83267032e+00 4.12182515e-18
5.53662370e-01 1.77779547e+00 3.87345443e-18
5.71170473e-01 1.72456371e+00 3.63962777e-18
5.89226723e-01 1.67292585e+00 3.41998024e-18
6.07890367e-01 1.62283415e+00 3.21320137e-18
6.27138913e-01 1.57424233e+00 3.01898509e-18
6.47008384e-01 1.52710547e+00 2.83640766e-18
6.67512962e-01 1.48138002e+00 2.66482725e-18
6.88693866e-01 1.43702370e+00 2.50343337e-18
7.10582821e-01 1.39399552e+00 2.35157621e-18
7.33219019e-01 1.35225571e+00 2.20862012e-18
7.56062051e-01 1.31176571e+00 2.07717739e-18
7.79184718e-01 1.27248807e+00 1.95572422e-18
8.03340679e-01 1.23438651e+00 1.83987767e-18
8.28419140e-01 1.19742581e+00 1.73016777e-18
8.54967983e-01 1.16157181e+00 1.62438423e-18
8.82574333e-01 1.12679137e+00 1.52435416e-18
9.11103842e-01 1.09305234e+00 1.43038422e-18
9.40533395e-01 1.06032355e+00 1.34227044e-18
9.70955933e-01 1.02857474e+00 1.25947464e-18
1.00233611e+00 9.97776572e-01 1.18184824e-18
1.03477304e+00 9.67900580e-01 1.10891499e-18
1.06823782e+00 9.38919152e-01 1.04052511e-18
1.10282043e+00 9.10805502e-01 9.76290045e-19
1.13850943e+00 8.83533648e-01 9.16041611e-19
1.17538152e+00 8.57078382e-01 8.59470057e-19
1.21294266e+00 8.31415255e-01 8.07063903e-19
1.25094239e+00 8.06520548e-01 7.58776454e-19
1.29026361e+00 7.82371253e-01 7.13233227e-19
1.33095118e+00 7.58945049e-01 6.70292278e-19
1.37371931e+00 7.36220286e-01 6.29205431e-19
1.41836645e+00 7.14175961e-01 5.90216801e-19
1.46450777e+00 6.92791699e-01 5.53611501e-19
1.51213303e+00 6.72047737e-01 5.19288218e-19
1.56136836e+00 6.51924903e-01 4.87054675e-19
1.61217176e+00 6.32404598e-01 4.56841814e-19
1.66471219e+00 6.13468781e-01 4.28459865e-19
1.71891498e+00 5.95099951e-01 4.01864528e-19
1.77498121e+00 5.77281130e-01 3.76878141e-19
1.83282844e+00 5.59995851e-01 3.53463712e-19
1.89264782e+00 5.43228138e-01 3.31473526e-19
1.95424758e+00 5.26962493e-01 3.10906142e-19
2.01747731e+00 5.11183883e-01 2.91723321e-19
2.08278533e+00 4.95877726e-01 2.73715535e-19
2.15033183e+00 4.81029874e-01 2.56789641e-19
2.22024875e+00 4.66626604e-01 2.40871378e-19
2.29266964e+00 4.52654606e-01 2.25894422e-19
2.36772471e+00 4.39100965e-01 2.11800048e-19
2.44542605e+00 4.25953155e-01 1.98554346e-19
2.52609781e+00 4.13199024e-01 1.86075049e-19
2.60958040e+00 4.00826785e-01 1.74360097e-19
2.69643626e+00 3.88825002e-01 1.63308259e-19
2.78626563e+00 3.77182583e-01 1.52947869e-19
2.87995577e+00 3.65888768e-01 1.43158398e-19
2.97677875e+00 3.54933119e-01 1.33997086e-19
3.07805362e+00 3.44305511e-01 1.25324535e-19
3.18276525e+00 3.33996120e-01 1.17213936e-19
3.29234251e+00 3.23995419e-01 1.09541441e-19
3.40588162e+00 3.14294164e-01 1.02359786e-19
3.52470583e+00 3.04883390e-01 9.55746490e-20
3.64816596e+00 2.95754399e-01 8.92152905e-20
3.77736532e+00 2.86898753e-01 8.32166999e-20
3.91204989e+00 2.78308268e-01 7.75853451e-20
4.05297416e+00 2.69975004e-01 7.22837702e-20
4.20046143e+00 2.61891259e-01 6.72968077e-20
4.35474294e+00 2.54049562e-01 6.26128422e-20
4.51697387e+00 2.46442666e-01 5.81960234e-20
4.68662820e+00 2.39063540e-01 5.40589324e-20
4.86682700e+00 2.31905364e-01 5.01298782e-20
5.05556653e+00 2.24961522e-01 4.64567481e-20
5.26898599e+00 2.18225597e-01 4.27695203e-20
5.49581754e+00 2.11691362e-01 3.93118838e-20
5.73429668e+00 2.05352779e-01 3.61100549e-20
5.98440094e+00 1.99203990e-01 3.31548526e-20
6.24486297e+00 1.93239311e-01 3.04468691e-20
6.51682897e+00 1.87453230e-01 2.79586257e-20
6.79459039e+00 1.81840399e-01 2.57194636e-20
7.08155587e+00 1.76395631e-01 2.36772410e-20
7.37035148e+00 1.71113893e-01 2.18580829e-20
7.65964115e+00 1.65990304e-01 2.02381877e-20
7.93948162e+00 1.61020128e-01 1.88366718e-20
8.25067791e+00 1.56198772e-01 1.74425188e-20
8.59929415e+00 1.51521780e-01 1.60569427e-20
8.96793400e+00 1.46984829e-01 1.47639872e-20
9.35715084e+00 1.42583726e-01 1.35612963e-20
9.75229478e+00 1.38314403e-01 1.24846056e-20
1.01594065e+01 1.34172915e-01 1.15040774e-20
1.05702842e+01 1.30155433e-01 1.06271090e-20
1.09945662e+01 1.26258245e-01 9.82273136e-21
1.14209356e+01 1.22477749e-01 9.10301165e-21
1.18619714e+01 1.18810451e-01 8.43868393e-21
1.23043121e+01 1.15252961e-01 7.84284787e-21
1.27610824e+01 1.11801992e-01 7.29144232e-21
1.32215932e+01 1.08454353e-01 6.79236298e-21
1.36961505e+01 1.05206951e-01 6.32982100e-21
1.41802735e+01 1.02056785e-01 5.90499116e-21
1.46698521e+01 9.90009430e-02 5.51743207e-21
1.51529122e+01 9.60366006e-02 5.17125859e-21
1.56528898e+01 9.31610183e-02 4.84617857e-21
1.61708900e+01 9.03715383e-02 4.54067714e-21
1.67040135e+01 8.76655824e-02 4.25546283e-21
1.72528681e+01 8.50406498e-02 3.98901677e-21
1.78181216e+01 8.24943145e-02 3.73993998e-21
1.84006451e+01 8.00242229e-02 3.50689182e-21
1.90010951e+01 7.76280923e-02 3.28875260e-21
1.96202425e+01 7.53037079e-02 3.08446416e-21
2.02591119e+01 7.30489216e-02 2.89299486e-21
2.09180280e+01 7.08616494e-02 2.71360724e-21
2.15986955e+01 6.87398697e-02 2.54526746e-21
2.23008350e+01 6.66816215e-02 2.38751560e-21
2.30267222e+01 6.46850026e-02 2.23936160e-21
2.37757871e+01 6.27481676e-02 2.10048054e-21
2.45504380e+01 6.08693264e-02 1.97001702e-21
2.53502693e+01 5.90467425e-02 1.84766534e-21
2.61774958e+01 5.72787314e-02 1.73273550e-21
2.70321597e+01 5.55636592e-02 1.62490128e-21
2.79159992e+01 5.38999406e-02 1.52363912e-21
2.88297641e+01 5.22860380e-02 1.42858567e-21
2.97744564e+01 5.07204598e-02 1.33937068e-21
3.07517879e+01 4.92017590e-02 1.25558965e-21
3.17618091e+01 4.77285321e-02 1.17700419e-21
3.28073942e+01 4.62994173e-02 1.10317648e-21
3.38874638e+01 4.49130939e-02 1.03397571e-21
3.50061701e+01 4.35682806e-02 9.68945328e-22
3.61611999e+01 4.22637344e-02 9.08035449e-22
3.73562572e+01 4.09982497e-02 8.50867150e-22
3.85896719e+01 3.97706569e-02 7.97345042e-22
3.98724143e+01 3.85798213e-02 7.46867228e-22
4.11957992e+01 3.74246424e-02 6.99652846e-22
4.25610705e+01 3.63040525e-02 6.55485946e-22
4.39722634e+01 3.52170160e-02 6.14088309e-22
4.54367597e+01 3.41625282e-02 5.75140255e-22
4.69477210e+01 3.31396144e-02 5.38715462e-22
4.85065694e+01 3.21473292e-02 5.04646599e-22
5.01184146e+01 3.11847557e-02 4.72708946e-22
5.17857328e+01 3.02510040e-02 4.42759837e-22
5.35059086e+01 2.93452113e-02 4.14748654e-22
5.52805597e+01 2.84665404e-02 3.88547043e-22
5.71135648e+01 2.76141791e-02 3.64007167e-22
5.90056574e+01 2.67873397e-02 3.41036737e-22
6.09575608e+01 2.59852580e-02 3.19545945e-22
6.29711058e+01 2.52071926e-02 2.99437255e-22
6.50454698e+01 2.44524246e-02 2.80643096e-22
6.71848056e+01 2.37202562e-02 2.63054868e-22
6.93914576e+01 2.30100108e-02 2.46590563e-22
7.16665090e+01 2.23210321e-02 2.31183041e-22
7.40037314e+01 2.16526831e-02 2.16810962e-22
7.64141467e+01 2.10043461e-02 2.03348483e-22
7.88999980e+01 2.03754221e-02 1.90736799e-22
8.14583862e+01 1.97653297e-02 1.78943888e-22
8.40848198e+01 1.91735049e-02 1.67939664e-22
8.67930635e+01 1.85994010e-02 1.57622583e-22
8.95856289e+01 1.80424872e-02 1.47948914e-22
9.24537576e+01 1.75022488e-02 1.38911865e-22
9.54004283e+01 1.69781865e-02 1.30463140e-22
9.84385011e+01 1.64698161e-02 1.22534530e-22
1.01570788e+02 1.59766675e-02 1.15093510e-22
1.04782716e+02 1.54982850e-02 1.08145680e-22
1.08087680e+02 1.50342266e-02 1.01633314e-22
1.11494886e+02 1.45840633e-02 9.55165403e-23
1.15007484e+02 1.41473790e-02 8.97710435e-23
1.18607320e+02 1.37237701e-02 8.44044786e-23
1.22317201e+02 1.33128452e-02 7.93621468e-23
1.26141691e+02 1.29142245e-02 7.46227384e-23
1.30081341e+02 1.25275394e-02 7.01711293e-23
1.34126948e+02 1.21524327e-02 6.60018933e-23
1.38297464e+02 1.17885577e-02 6.20811921e-23
1.42596743e+02 1.14355780e-02 5.83941401e-23
1.47023704e+02 1.10931675e-02 5.49305266e-23
1.51578753e+02 1.07610096e-02 5.16787287e-23
1.56274411e+02 1.04387973e-02 4.86197519e-23
1.61115018e+02 1.01262329e-02 4.57421350e-23
1.66100023e+02 9.82302751e-03 4.30377042e-23
1.71235318e+02 9.52890085e-03 4.04950364e-23
1.76529125e+02 9.24358110e-03 3.81026996e-23
1.81986336e+02 8.96680455e-03 3.58517961e-23
1.87608266e+02 8.69831541e-03 3.37352973e-23
1.93402782e+02 8.43786551e-03 3.17441022e-23
1.99376157e+02 8.18521416e-03 2.98704692e-23
2.05533884e+02 7.94012784e-03 2.81074617e-23
2.11879630e+02 7.70238003e-03 2.64490498e-23
2.18421249e+02 7.47175100e-03 2.48884995e-23
2.25164787e+02 7.24802759e-03 2.34200351e-23
2.32116336e+02 7.03100304e-03 2.20382485e-23
2.39281967e+02 6.82047676e-03 2.07380801e-23
2.46668779e+02 6.61625418e-03 1.95146210e-23
2.54283598e+02 6.41814654e-03 1.83633450e-23
2.62133438e+02 6.22597076e-03 1.72799962e-23
2.70225546e+02 6.03954921e-03 1.62605670e-23
2.78567431e+02 5.85870961e-03 1.53012818e-23
2.87166804e+02 5.68328480e-03 1.43985919e-23
2.96031781e+02 5.51311266e-03 1.35491427e-23
3.05170484e+02 5.34803592e-03 1.27498020e-23
3.14591270e+02 5.18790199e-03 1.19976216e-23
3.24302845e+02 5.03256289e-03 1.12898190e-23
3.34314584e+02 4.88187504e-03 1.06237502e-23
3.44635418e+02 4.73569917e-03 9.99697677e-24
3.55274822e+02 4.59390018e-03 9.40718396e-24
3.66242680e+02 4.45634701e-03 8.85218730e-24
3.77549662e+02 4.32291255e-03 8.32991038e-24
3.89205655e+02 4.19347345e-03 7.83845046e-24
4.01221432e+02 4.06791009e-03 7.37598893e-24
4.13608160e+02 3.94610642e-03 6.94081243e-24
4.26377383e+02 3.82794986e-03 6.53130832e-24
4.39540752e+02 3.71333122e-03 6.14596685e-24
4.53110431e+02 3.60214455e-03 5.78336214e-24
4.67101677e+02 3.49428709e-03 5.44208921e-24
4.81527509e+02 3.38965917e-03 5.12090011e-24
4.96398622e+02 3.28816407e-03 4.81867213e-24
5.11728759e+02 3.18970800e-03 4.53428552e-24
5.27534307e+02 3.09419995e-03 4.26665078e-24
5.43828617e+02 3.00155166e-03 4.01480450e-24
5.60625881e+02 2.91167750e-03 3.77782844e-24
5.77941624e+02 2.82449440e-03 3.55484420e-24
5.95796044e+02 2.73992179e-03 3.34497819e-24
6.14201902e+02 2.65788150e-03 3.14750340e-24
6.33175892e+02 2.57829770e-03 2.96169126e-24
6.52736439e+02 2.50109685e-03 2.78684497e-24
6.72906236e+02 2.42620759e-03 2.62228217e-24
6.93698614e+02 2.35356071e-03 2.46744157e-24
7.15132789e+02 2.28308906e-03 2.32174837e-24
7.37230408e+02 2.21472751e-03 2.18465093e-24
7.60013510e+02 2.14841288e-03 2.05563456e-24
7.83499858e+02 2.08408389e-03 1.93424149e-24
8.07711159e+02 2.02168106e-03 1.82002090e-24
8.32692263e+02 1.96114674e-03 1.71245625e-24
8.58461879e+02 1.90242498e-03 1.61118910e-24
8.85026945e+02 1.84546149e-03 1.51591748e-24
9.12412016e+02 1.79020363e-03 1.42628580e-24
9.40660368e+02 1.73660034e-03 1.34190836e-24
9.69785837e+02 1.68460207e-03 1.26251597e-24
9.99810357e+02 1.63416076e-03 1.18782728e-24
1.03076168e+03 1.58522979e-03 1.11756305e-24
1.06270627e+03 1.53776394e-03 1.05138573e-24
1.09563724e+03 1.49171934e-03 9.89133701e-25
1.12958475e+03 1.44705344e-03 9.30574030e-25
1.16459129e+03 1.40372494e-03 8.75470469e-25
1.20072194e+03 1.36169381e-03 8.23576010e-25
1.23796796e+03 1.32092120e-03 7.74764602e-25
1.27636378e+03 1.28136943e-03 7.28852482e-25
1.31597699e+03 1.24300194e-03 6.85633451e-25
1.35685837e+03 1.20578327e-03 6.44940357e-25
1.39900188e+03 1.16967903e-03 6.06669269e-25
1.44244647e+03 1.13465583e-03 5.70675447e-25
1.48730168e+03 1.10068133e-03 5.36772758e-25
1.53358294e+03 1.06772410e-03 5.04863612e-25
1.58129320e+03 1.03575370e-03 4.74858049e-25
1.63047656e+03 1.00474058e-03 4.46641934e-25
1.68131016e+03 9.74656065e-04 4.20042221e-25
1.73373825e+03 9.45472360e-04 3.95022255e-25
1.78778543e+03 9.17162490e-04 3.71499165e-25
1.84351417e+03 8.89700291e-04 3.49378096e-25
1.90117334e+03 8.63060381e-04 3.28507438e-25
1.96061375e+03 8.37218137e-04 3.08890504e-25
2.02189034e+03 8.12149677e-04 2.90451389e-25
2.08514317e+03 7.87831831e-04 2.73096979e-25
2.15057950e+03 7.64242123e-04 2.56730613e-25
2.21803830e+03 7.41358752e-04 2.41351826e-25
2.28758191e+03 7.19160568e-04 2.26900456e-25
2.35948495e+03 6.97627055e-04 2.13282027e-25
2.43384021e+03 6.76738310e-04 2.00449310e-25
2.51049530e+03 6.56475028e-04 1.88395216e-25
2.58952109e+03 6.36818480e-04 1.77071961e-25
2.67141507e+03 6.17750500e-04 1.66381857e-25
2.75603313e+03 5.99253464e-04 1.56321909e-25
2.84327145e+03 5.81310277e-04 1.46876419e-25
2.93321072e+03 5.63904355e-04 1.38007347e-25
3.02670533e+03 5.47019611e-04 1.29612969e-25
3.12317921e+03 5.30640440e-04 1.21729248e-25
3.22264567e+03 5.14751703e-04 1.14330906e-25
3.32533622e+03 4.99338716e-04 1.07378577e-25
3.43224099e+03 4.84387233e-04 1.00793664e-25
3.54247180e+03 4.69883436e-04 9.46184838e-26
3.65613080e+03 4.55813919e-04 8.88270722e-26
3.77384652e+03 4.42165680e-04 8.33720231e-26
3.89629188e+03 4.28926105e-04 7.82142438e-26
4.02256196e+03 4.16082956e-04 7.33809524e-26
4.15277406e+03 4.03624364e-04 6.88513142e-26
4.28820235e+03 3.91538815e-04 6.45711187e-26
4.42884964e+03 3.79815138e-04 6.05350622e-26
4.57391528e+03 3.68442497e-04 5.67561131e-26
4.72353459e+03 3.57410383e-04 5.32175271e-26
4.87997327e+03 3.46708599e-04 4.98602000e-26
5.04204577e+03 3.36327253e-04 4.67062876e-26
5.20925029e+03 3.26256752e-04 4.37560875e-26
5.38174389e+03 3.16487787e-04 4.09961330e-26
5.56323402e+03 3.07011331e-04 3.83649206e-26
5.75063981e+03 2.97818623e-04 3.59051416e-26
5.94404383e+03 2.88901169e-04 3.36066317e-26
6.14446719e+03 2.80250727e-04 3.14499928e-26
6.35509316e+03 2.71859300e-04 2.93998547e-26
6.57256676e+03 2.63719135e-04 2.74864741e-26
6.79709895e+03 2.55822707e-04 2.57005181e-26
7.03112447e+03 2.48162719e-04 2.40181477e-26
7.27625239e+03 2.40732090e-04 2.24271245e-26
7.52949141e+03 2.33523953e-04 2.09439137e-26
7.79109404e+03 2.26531646e-04 1.95610540e-26
8.06536452e+03 2.19748707e-04 1.82532905e-26
8.35148102e+03 2.13168867e-04 1.70240228e-26
8.64726177e+03 2.06786044e-04 1.58793237e-26
8.95301280e+03 2.00594339e-04 1.48132662e-26
9.27520915e+03 1.94588029e-04 1.38019942e-26
9.60986273e+03 1.88761564e-04 1.28574523e-26
9.95607488e+03 1.83109559e-04 1.19787916e-26
1.03145001e+04 1.77626788e-04 1.11607397e-26
1.06928097e+04 1.72308186e-04 1.03849809e-26
1.10844979e+04 1.67148837e-04 9.66400965e-27
1.14900117e+04 1.62143972e-04 8.99390917e-27
1.19115510e+04 1.57288965e-04 8.36860054e-27
1.23534576e+04 1.52579330e-04 7.78058847e-27
1.28112684e+04 1.48010713e-04 7.23444599e-27
1.32855282e+04 1.43578892e-04 6.72716262e-27
1.37791254e+04 1.39279771e-04 6.25383341e-27
1.42933549e+04 1.35109378e-04 5.81194236e-27
1.48262669e+04 1.31063856e-04 5.40164532e-27
1.53785106e+04 1.27139468e-04 5.02066430e-27
1.59516332e+04 1.23332586e-04 4.66637324e-27
1.65459723e+04 1.19639691e-04 4.33715797e-27
1.71618481e+04 1.16057372e-04 4.03145451e-27
1.78000059e+04 1.12582316e-04 3.74756891e-27
1.84573472e+04 1.09211313e-04 3.48539024e-27
1.91376713e+04 1.05941246e-04 3.24199128e-27
1.98422353e+04 1.02769093e-04 3.01584411e-27
2.05707437e+04 9.96919224e-05 2.80601603e-27
2.13147748e+04 9.67068903e-05 2.61353727e-27
2.20845918e+04 9.38112378e-05 2.43450965e-27
2.28810344e+04 9.10022885e-05 2.26797889e-27
2.36993151e+04 8.82774464e-05 2.11406720e-27
2.45327332e+04 8.56341930e-05 1.97287047e-27
2.53940042e+04 8.30700854e-05 1.84131520e-27
2.62840016e+04 8.05827538e-05 1.71872982e-27
2.71913025e+04 7.81698993e-05 1.60594486e-27
2.81169153e+04 7.58292919e-05 1.50194967e-27
2.90724236e+04 7.35587682e-05 1.40484473e-27
3.00587457e+04 7.13562299e-05 1.31416280e-27
3.10579624e+04 6.92196412e-05 1.23096311e-27
3.20820491e+04 6.71470274e-05 1.15363080e-27
3.31384099e+04 6.51364731e-05 1.08125416e-27
3.42280328e+04 6.31861199e-05 1.01350835e-27
3.53293170e+04 6.12941652e-05 9.51307271e-28
3.64637360e+04 5.94588606e-05 8.93036196e-28
3.76334330e+04 5.76785097e-05 8.38385596e-28
3.88364077e+04 5.59514670e-05 7.87251462e-28
4.00609102e+04 5.42761365e-05 7.39860859e-28
4.13232909e+04 5.26509696e-05 6.95347626e-28
4.26247170e+04 5.10744644e-05 6.53535018e-28
4.39615605e+04 4.95451638e-05 6.14392334e-28
4.53316539e+04 4.80616545e-05 5.77815207e-28
4.67440566e+04 4.66225651e-05 5.43424746e-28
4.82000739e+04 4.52265659e-05 5.11089452e-28
4.96966489e+04 4.38723664e-05 4.80770970e-28
5.12363372e+04 4.25587151e-05 4.52310238e-28
5.28235539e+04 4.12843979e-05 4.25537132e-28
5.44597660e+04 4.00482371e-05 4.00351339e-28
5.61435519e+04 3.88490901e-05 3.76697894e-28
5.78785869e+04 3.76858486e-05 3.54451861e-28
5.96671773e+04 3.65574375e-05 3.33520288e-28
6.15109513e+04 3.54628140e-05 3.13825699e-28
6.34101959e+04 3.44009663e-05 2.95308096e-28
6.53680641e+04 3.33709131e-05 2.77883304e-28
6.73863654e+04 3.23717023e-05 2.61486816e-28
6.94668593e+04 3.14024104e-05 2.46058686e-28
7.16112111e+04 3.04621416e-05 2.31543270e-28
7.38217522e+04 2.95500269e-05 2.17884170e-28
7.61005256e+04 2.86652232e-05 2.05030866e-28
7.84495923e+04 2.78069129e-05 1.92936042e-28
8.08711094e+04 2.69743025e-05 1.81554969e-28
8.33673709e+04 2.61666227e-05 1.70845258e-28
8.59406841e+04 2.53831268e-05 1.60767306e-28
8.85933997e+04 2.46230908e-05 1.51283939e-28
9.13279815e+04 2.38858123e-05 1.42360026e-28
9.41469711e+04 2.31706098e-05 1.33962517e-28
9.70529738e+04 2.24768222e-05 1.26060360e-28
1.00048687e+05 2.18038085e-05 1.18624308e-28
1.03136869e+05 2.11509465e-05 1.11626893e-28
1.06320374e+05 2.05176328e-05 1.05042243e-28
1.09602144e+05 1.99032822e-05 9.88460101e-29
1.12985211e+05 1.93073269e-05 9.30152827e-29
1.16472703e+05 1.87292159e-05 8.75284998e-29
1.20067842e+05 1.81684151e-05 8.23653727e-29
1.23773952e+05 1.76244061e-05 7.75068096e-29
1.27594458e+05 1.70966862e-05 7.29348446e-29
1.31532890e+05 1.65847675e-05 6.86325717e-29
1.35592889e+05 1.60881770e-05 6.45840823e-29
1.39778208e+05 1.56064557e-05 6.07744061e-29
1.44092713e+05 1.51391583e-05 5.71894559e-29
1.48540394e+05 1.46858531e-05 5.38159754e-29
1.53125360e+05 1.42461209e-05 5.06414904e-29
1.57851850e+05 1.38195555e-05 4.76542625e-29
1.62724231e+05 1.34057625e-05 4.48432457e-29
1.67747007e+05 1.30043596e-05 4.21980455e-29
1.72924820e+05 1.26149757e-05 3.97088808e-29
1.78262456e+05 1.22372509e-05 3.73665472e-29
1.83764847e+05 1.18708362e-05 3.51623834e-29
1.89437079e+05 1.15153929e-05 3.30882390e-29
1.95284395e+05 1.11705925e-05 3.11364445e-29
2.01312199e+05 1.08361163e-05 2.92997825e-29
2.07526063e+05 1.05116551e-05 2.75714616e-29
2.13931728e+05 1.01969092e-05 2.59450910e-29
2.20535115e+05 9.89158756e-06 2.44146567e-29
2.27342328e+05 9.59540804e-06 2.29744997e-29
2.34359658e+05 9.30809689e-06 2.16192946e-29
2.41593590e+05 9.02938857e-06 2.03440303e-29
2.49050811e+05 8.75902550e-06 1.91439912e-29
2.56738212e+05 8.49675779e-06 1.80147400e-29
2.64662898e+05 8.24234305e-06 1.69521009e-29
2.72832195e+05 7.99554614e-06 1.59521446e-29
2.81253651e+05 7.75613897e-06 1.50111736e-29
2.89935051e+05 7.52390026e-06 1.41257084e-29
2.98884417e+05 7.29861537e-06 1.32924749e-29
3.08110022e+05 7.08007609e-06 1.25083920e-29
3.17620392e+05 6.86808043e-06 1.17705604e-29
3.27424317e+05 6.66243248e-06 1.10762518e-29
3.37530857e+05 6.46294214e-06 1.04228989e-29
3.47949354e+05 6.26942507e-06 9.80808577e-30
3.58689436e+05 6.08170239e-06 9.22953902e-30
3.69761031e+05 5.89960060e-06 8.68511938e-30
3.81174370e+05 5.72295142e-06 8.17281374e-30
3.92940002e+05 5.55159156e-06 7.69072777e-30
4.05068802e+05 5.38536266e-06 7.23707886e-30
4.17571979e+05 5.22411108e-06 6.81018958e-30
4.30461089e+05 5.06768778e-06 6.40848141e-30
4.43748045e+05 4.91594820e-06 6.03046898e-30
4.57445126e+05 4.76875209e-06 5.67475453e-30
4.71564992e+05 4.62596341e-06 5.34002273e-30
4.86120694e+05 4.48745019e-06 5.02503588e-30
5.01125683e+05 4.35308441e-06 4.72862924e-30
5.16593829e+05 4.22274189e-06 4.44970682e-30
5.32539426e+05 4.09630216e-06 4.18723725e-30
5.48977213e+05 3.97364836e-06 3.94025003e-30
5.65922382e+05 3.85466713e-06 3.70783187e-30
5.83390594e+05 3.73924850e-06 3.48912337e-30
6.01397994e+05 3.62728580e-06 3.28331585e-30
6.19961224e+05 3.51867555e-06 3.08964829e-30
6.39097442e+05 3.41331737e-06 2.90740459e-30
6.58824334e+05 3.31111389e-06 2.73591088e-30
6.79160132e+05 3.21197064e-06 2.57453304e-30
7.00123630e+05 3.11579599e-06 2.42267436e-30
7.21734205e+05 3.02250106e-06 2.27977333e-30
7.44011829e+05 2.93199962e-06 2.14530156e-30
7.66977092e+05 2.84420802e-06 2.01876181e-30
7.90651219e+05 2.75904514e-06 1.89968622e-30
8.15056091e+05 2.67643224e-06 1.78763447e-30
8.40214263e+05 2.59629299e-06 1.68219226e-30
8.66148987e+05 2.51855331e-06 1.58296970e-30
8.92884233e+05 2.44314136e-06 1.48959991e-30
9.20444711e+05 2.36998744e-06 1.40173765e-30
9.48855892e+05 2.29902393e-06 1.31905805e-30
9.78144035e+05 2.23018525e-06 1.24125539e-30
1.00833621e+06 2.16340778e-06 1.16804200e-30
1.03946032e+06 2.09862980e-06 1.09914717e-30
1.07154513e+06 2.03579143e-06 1.03431616e-30
1.10462030e+06 1.97483461e-06 9.73309253e-31
1.13871639e+06 1.91570299e-06 9.15900881e-31
1.17386492e+06 1.85834193e-06 8.61878774e-31
1.21009837e+06 1.80269840e-06 8.11043187e-31
1.24745023e+06 1.74872098e-06 7.63206157e-31
1.28595503e+06 1.69635979e-06 7.18190808e-31
1.32564834e+06 1.64556642e-06 6.75830698e-31
1.36656686e+06 1.59629394e-06 6.35969202e-31
1.40874841e+06 1.54849680e-06 5.98458935e-31
1.45223196e+06 1.50213083e-06 5.63161207e-31
1.49705771e+06 1.45715318e-06 5.29945506e-31
1.54326709e+06 1.41352227e-06 4.98689021e-31
1.59090280e+06 1.37119779e-06 4.69276184e-31
1.64000888e+06 1.33014060e-06 4.41598245e-31
1.69063070e+06 1.29031278e-06 4.15552869e-31
1.74281506e+06 1.25167750e-06 3.91043757e-31
1.79661018e+06 1.21419907e-06 3.67980289e-31
1.85206578e+06 1.17784283e-06 3.46277193e-31
1.90923312e+06 1.14257519e-06 3.25854227e-31
1.96816504e+06 1.10836356e-06 3.06635879e-31
2.02891599e+06 1.07517631e-06 2.88551094e-31
2.09154213e+06 1.04298277e-06 2.71533008e-31
2.15610134e+06 1.01175319e-06 2.55518701e-31
2.22265328e+06 9.81458699e-07 2.40448965e-31
2.29125947e+06 9.52071306e-07 2.26268082e-31
2.36198332e+06 9.23563847e-07 2.12923624e-31
2.43489018e+06 8.95909975e-07 2.00366253e-31
2.51004744e+06 8.69084130e-07 1.88549543e-31
2.58752457e+06 8.43061521e-07 1.77429806e-31
2.66739317e+06 8.17818094e-07 1.66965930e-31
2.74972706e+06 7.93330521e-07 1.57119230e-31
2.83460233e+06 7.69576169e-07 1.47853302e-31
2.92209743e+06 7.46533083e-07 1.39133888e-31
3.01229322e+06 7.24179966e-07 1.30928752e-31
3.10527307e+06 7.02496159e-07 1.23207561e-31
3.20112290e+06 6.81461621e-07 1.15941769e-31
3.29993132e+06 6.61056910e-07 1.09104514e-31
3.40178963e+06 6.41263169e-07 1.02670520e-31
3.50679199e+06 6.22062104e-07 9.66159999e-32
3.61503543e+06 6.03435968e-07 9.09185716e-32
3.72662000e+06 5.85367546e-07 8.55571721e-32
3.84164882e+06 5.67840139e-07 8.05119813e-32
3.96022822e+06 5.50837547e-07 7.57643480e-32
4.08246779e+06 5.34344057e-07 7.12967213e-32
4.20848050e+06 5.18344424e-07 6.70925855e-32
4.33838281e+06 5.02823862e-07 6.31363990e-32
4.47229480e+06 4.87768025e-07 5.94135371e-32
4.61034022e+06 4.73162998e-07 5.59102377e-32
4.75264666e+06 4.58995283e-07 5.26135503e-32
4.89934565e+06 4.45251786e-07 4.95112885e-32
5.05057276e+06 4.31919805e-07 4.65919847e-32
5.20646777e+06 4.18987017e-07 4.38448475e-32
5.36717476e+06 4.06441470e-07 4.12597224e-32
5.53284226e+06 3.94271569e-07 3.88270536e-32
5.70362339e+06 3.82466066e-07 3.65378490e-32
5.87967598e+06 3.71014050e-07 3.43836469e-32
6.06116275e+06 3.59904937e-07 3.23564847e-32
6.24825144e+06 3.49128460e-07 3.04488696e-32
6.44111496e+06 3.38674657e-07 2.86537505e-32
6.63993155e+06 3.28533869e-07 2.69644925e-32
6.84488498e+06 3.18696721e-07 2.53748519e-32
7.05616467e+06 3.09154123e-07 2.38789532e-32
7.27396588e+06 2.99897255e-07 2.24712677e-32
7.49848991e+06 2.90917562e-07 2.11465925e-32
7.72994429e+06 2.82206743e-07 1.99000319e-32
7.96854292e+06 2.73756749e-07 1.87269787e-32
8.21450632e+06 2.65559769e-07 1.76230976e-32
8.46806183e+06 2.57608228e-07 1.65843090e-32
8.72944379e+06 2.49894776e-07 1.56067739e-32
8.99889377e+06 2.42412285e-07 1.46868797e-32
9.27666081e+06 2.35153839e-07 1.38212270e-32
9.56300163e+06 2.28112729e-07 1.30066167e-32
9.85818087e+06 2.21282449e-07 1.22400386e-32
1.01624713e+07 2.14656684e-07 1.15186599e-32
1.04761543e+07 2.08229312e-07 1.08398151e-32
1.07995196e+07 2.01994392e-07 1.02009956e-32
1.11328662e+07 1.95946161e-07 9.59984093e-33
1.14765022e+07 1.90079030e-07 9.03412992e-33
1.18307450e+07 1.84387576e-07 8.50177230e-33
1.21959223e+07 1.78866539e-07 8.00080111e-33
1.25723713e+07 1.73510815e-07 7.52936541e-33
1.29604402e+07 1.68315456e-07 7.08572341e-33
1.33604875e+07 1.63275659e-07 6.66823608e-33
1.37728829e+07 1.58386767e-07 6.27536105e-33
1.41980077e+07 1.53644260e-07 5.90564690e-33
1.46362548e+07 1.49043757e-07 5.55772785e-33
1.50880291e+07 1.44581004e-07 5.23031863e-33
1.55537483e+07 1.40251878e-07 4.92220981e-33
1.60338427e+07 1.36052377e-07 4.63226327e-33
1.65287561e+07 1.31978619e-07 4.35940803e-33
1.70389458e+07 1.28026841e-07 4.10263625e-33
1.75648835e+07 1.24193388e-07 3.86099956e-33
1.81070553e+07 1.20474719e-07 3.63360550e-33
1.86659621e+07 1.16867397e-07 3.41961425e-33
1.92421206e+07 1.13368087e-07 3.21823553e-33
1.98360632e+07 1.09973556e-07 3.02872565e-33
2.04483390e+07 1.06680665e-07 2.85038480e-33
2.10795137e+07 1.03486372e-07 2.68255442e-33
2.17301708e+07 1.00387724e-07 2.52461481e-33
2.24009116e+07 9.73818583e-08 2.37598279e-33
2.30923560e+07 9.44659955e-08 2.23610961e-33
2.38051431e+07 9.16374411e-08 2.10447885e-33
2.45399317e+07 8.88935808e-08 1.98060456e-33
2.52974008e+07 8.62318788e-08 1.86402943e-33
2.60782506e+07 8.36498750e-08 1.75432315e-33
2.68832027e+07 8.11451830e-08 1.65108076e-33
2.77130011e+07 7.87154880e-08 1.55392119e-33
2.85684127e+07 7.63585442e-08 1.46248585e-33
2.94502281e+07 7.40721734e-08 1.37643728e-33
3.03592623e+07 7.18542623e-08 1.29545792e-33
3.12963556e+07 6.97027613e-08 1.21924896e-33
3.22623739e+07 6.76156817e-08 1.14752918e-33
3.32582100e+07 6.55910946e-08 1.08003397e-33
3.42847845e+07 6.36271288e-08 1.01651431e-33
3.53430460e+07 6.17219693e-08 9.56735855e-34
3.64339727e+07 5.98738551e-08 9.00478094e-34
3.75585728e+07 5.80810781e-08 8.47533512e-34
3.87178857e+07 5.63419816e-08 7.97706830e-34
3.99129828e+07 5.46549580e-08 7.50814285e-34
4.11449688e+07 5.30184483e-08 7.06682947e-34
4.24149823e+07 5.14309398e-08 6.65150085e-34
4.37241970e+07 4.98909655e-08 6.26062560e-34
4.50738229e+07 4.83971019e-08 5.89276264e-34
4.64651075e+07 4.69479684e-08 5.54655586e-34
4.78993366e+07 4.55422257e-08 5.22072909e-34
4.93778358e+07 4.41785746e-08 4.91408141e-34
5.09019715e+07 4.28557546e-08 4.62548269e-34
5.24731524e+07 4.15725433e-08 4.35386946e-34
5.40928306e+07 4.03277547e-08 4.09824090e-34
5.57625031e+07 3.91202382e-08 3.85765523e-34
5.74837130e+07 3.79488778e-08 3.63122617e-34
5.92580512e+07 3.68125910e-08 3.41811971e-34
6.10871575e+07 3.57103275e-08 3.21755098e-34
6.29727224e+07 3.46410687e-08 3.02878139e-34
6.49164887e+07 3.36038261e-08 2.85111589e-34
6.69202529e+07 3.25976413e-08 2.68390040e-34
6.89858668e+07 3.16215843e-08 2.52651939e-34
7.11152397e+07 3.06747528e-08 2.37839362e-34
7.33103394e+07 2.97562720e-08 2.23897799e-34
7.55731949e+07 2.88652928e-08 2.10775952e-34
7.79058974e+07 2.80009919e-08 1.98425548e-34
8.03106031e+07 2.71625703e-08 1.86801158e-34
8.27895342e+07 2.63492532e-08 1.75860032e-34
8.53449821e+07 2.55602889e-08 1.65561937e-34
8.79793084e+07 2.47949483e-08 1.55869013e-34
9.06949480e+07 2.40525239e-08 1.46745631e-34
9.34944106e+07 2.33323296e-08 1.38158261e-34
9.63802838e+07 2.26336997e-08 1.30075350e-34
9.93552345e+07 2.19559886e-08 1.22467203e-34
1.02422013e+08 2.12985700e-08 1.15305875e-34
1.05583452e+08 2.06608361e-08 1.08565068e-34
1.08842475e+08 2.00421977e-08 1.02220035e-34
1.12202094e+08 1.94420828e-08 9.62474831e-35
1.15665413e+08 1.88599369e-08 9.06254957e-35
1.19235634e+08 1.82952220e-08 8.53334457e-35
1.22916057e+08 1.77474161e-08 8.03519213e-35
1.26710082e+08 1.72160129e-08 7.56626543e-35
1.30621216e+08 1.67005213e-08 7.12484528e-35
1.34653075e+08 1.62004648e-08 6.70931375e-35
1.38809384e+08 1.57153813e-08 6.31814819e-35
1.43093985e+08 1.52448224e-08 5.94991568e-35
1.47510839e+08 1.47883533e-08 5.60326765e-35
1.52064026e+08 1.43455521e-08 5.27693498e-35
1.56757756e+08 1.39160094e-08 4.96972329e-35
1.61596366e+08 1.34993284e-08 4.68050852e-35
1.66584328e+08 1.30951238e-08 4.40823281e-35
1.71726253e+08 1.27030222e-08 4.15190059e-35
1.77026892e+08 1.23226611e-08 3.91057491e-35
1.82491146e+08 1.19536890e-08 3.68337399e-35
1.88124063e+08 1.15957649e-08 3.46946794e-35
1.93930851e+08 1.12485579e-08 3.26807575e-35
1.99916875e+08 1.09117472e-08 3.07846236e-35
2.06087669e+08 1.05850215e-08 2.89993601e-35
2.12448935e+08 1.02680788e-08 2.73184562e-35
2.19006554e+08 9.96062612e-09 2.57357845e-35
2.25766585e+08 9.66237941e-09 2.42455782e-35
2.32735277e+08 9.37306297e-09 2.28424096e-35
2.39919069e+08 9.09240940e-09 2.15211708e-35
2.47324603e+08 8.82015932e-09 2.02770539e-35
2.54958721e+08 8.55606111e-09 1.91055344e-35
2.62828481e+08 8.29987068e-09 1.80023535e-35
2.70941155e+08 8.05135124e-09 1.69635032e-35
2.79304240e+08 7.81027312e-09 1.59852112e-35
2.87925468e+08 7.57641349e-09 1.50639269e-35
2.96812805e+08 7.34955622e-09 1.41963087e-35
3.05974466e+08 7.12949164e-09 1.33792113e-35
3.15418919e+08 6.91601636e-09 1.26096744e-35
3.25154891e+08 6.70893308e-09 1.18849118e-35
3.35191381e+08 6.50805040e-09 1.12023010e-35
3.45537666e+08 6.31318266e-09 1.05593737e-35
3.56203307e+08 6.12414977e-09 9.95380663e-36
3.67198163e+08 5.94077700e-09 9.38341299e-36
3.78532394e+08 5.76289489e-09 8.84613455e-36
3.90216477e+08 5.59033902e-09 8.34003397e-36
4.02261211e+08 5.42294992e-09 7.86328770e-36
4.14677726e+08 5.26057288e-09 7.41417931e-36
4.27477500e+08 5.10305782e-09 6.99109317e-36
4.40672362e+08 4.95025917e-09 6.59250851e-36
4.54274507e+08 4.80203571e-09 6.21699386e-36
4.68296506e+08 4.65825043e-09 5.86320175e-36
4.82751320e+08 4.51877045e-09 5.52986383e-36
4.97652307e+08 4.38346687e-09 5.21578616e-36
5.13013241e+08 4.25221462e-09 4.91984487e-36
5.28848317e+08 4.12489240e-09 4.64098201e-36
5.45172171e+08 4.00138253e-09 4.37820169e-36
5.61999891e+08 3.88157086e-09 4.13056642e-36
5.79347028e+08 3.76534667e-09 3.89719369e-36
5.97229616e+08 3.65260252e-09 3.67725271e-36
6.15664182e+08 3.54323423e-09 3.46996140e-36
6.34667764e+08 3.43714070e-09 3.27458350e-36
6.54257926e+08 3.33422388e-09 3.09042590e-36
6.74452773e+08 3.23438866e-09 2.91683608e-36
6.95270971e+08 3.13754276e-09 2.75319973e-36
7.16731759e+08 3.04359668e-09 2.59893853e-36
7.38854974e+08 2.95246358e-09 2.45350798e-36
7.61661061e+08 2.86405924e-09 2.31639549e-36
7.85171100e+08 2.77830195e-09 2.18711842e-36
8.09406818e+08 2.69511246e-09 2.06522240e-36
8.34390614e+08 2.61441388e-09 1.95027960e-36
8.60145581e+08 2.53613161e-09 1.84188723e-36
8.86695521e+08 2.46019332e-09 1.73966602e-36
9.14064973e+08 2.38652882e-09 1.64325887e-36
9.42279232e+08 2.31507002e-09 1.55232955e-36
9.71364375e+08 2.24575088e-09 1.46656146e-36
1.00134728e+09 2.17850733e-09 1.38565647e-36
1.03225567e+09 2.11327723e-09 1.30933387e-36
1.06411810e+09 2.05000029e-09 1.23732932e-36
1.09696401e+09 1.98861802e-09 1.16939388e-36
1.13082378e+09 1.92907369e-09 1.10529316e-36
1.16572869e+09 1.87131227e-09 1.04480639e-36
1.20171100e+09 1.81528038e-09 9.87725688e-37
1.23880397e+09 1.76092622e-09 9.33855272e-37
1.27704189e+09 1.70819957e-09 8.83010756e-37
1.31646008e+09 1.65705169e-09 8.35018484e-37
1.35709499e+09 1.60743531e-09 7.89714900e-37
1.39898416e+09 1.55930457e-09 7.46945957e-37
1.44216633e+09 1.51261499e-09 7.06566560e-37
1.48668138e+09 1.46732341e-09 6.68440043e-37
1.53257048e+09 1.42338798e-09 6.32437675e-37
1.57987602e+09 1.38076809e-09 5.98438192e-37
1.62864174e+09 1.33942435e-09 5.66327366e-37
1.67891269e+09 1.29931855e-09 5.35997589e-37
1.73073535e+09 1.26041362e-09 5.07347490e-37
1.78415761e+09 1.22267360e-09 4.80281564e-37
1.83922884e+09 1.18606361e-09 4.54709834e-37
1.89599995e+09 1.15054982e-09 4.30547529e-37
1.95452340e+09 1.11609941e-09 4.07714775e-37
2.01485327e+09 1.08268052e-09 3.86136312e-37
2.07704534e+09 1.05026229e-09 3.65741225e-37
2.14115708e+09 1.01881474e-09 3.46462689e-37
2.20724775e+09 9.88308813e-10 3.28237731e-37
2.27537842e+09 9.58716310e-10 3.11007006e-37
2.34561206e+09 9.30009882e-10 2.94714582e-37
2.41801360e+09 9.02162999e-10 2.79307748e-37
2.49264994e+09 8.75149923e-10 2.64736817e-37
2.56959006e+09 8.48945688e-10 2.50954959e-37
2.64890508e+09 8.23526075e-10 2.37918029e-37
2.73066830e+09 7.98867590e-10 2.25584411e-37
2.81495528e+09 7.74947444e-10 2.13914874e-37
2.90184394e+09 7.51743528e-10 2.02872430e-37
2.99141457e+09 7.29234397e-10 1.92422207e-37
3.08374996e+09 7.07399247e-10 1.82531321e-37
3.17893545e+09 6.86217898e-10 1.73168767e-37
3.27705901e+09 6.65670772e-10 1.64305305e-37
3.37821133e+09 6.45738881e-10 1.55913359e-37
3.48248589e+09 6.26403801e-10 1.47966922e-37
3.58997908e+09 6.07647663e-10 1.40441461e-37
3.70079024e+09 5.89453132e-10 1.33313839e-37
3.81502179e+09 5.71803392e-10 1.26562227e-37
3.93277930e+09 5.54682131e-10 1.20166030e-37
4.05417160e+09 5.38073524e-10 1.14105820e-37
4.17931090e+09 5.21962221e-10 1.08363262e-37
4.30831285e+09 5.06333333e-10 1.02921058e-37
4.44129667e+09 4.91172413e-10 9.77628796e-38
4.57838528e+09 4.76465450e-10 9.28733189e-38
4.71970537e+09 4.62198851e-10 8.82378315e-38
4.86538756e+09 4.48359431e-10 8.38426883e-38
5.01556650e+09 4.34934399e-10 7.96749280e-38
5.17038098e+09 4.21911346e-10 7.57223137e-38
5.32997409e+09 4.09278238e-10 7.19732907e-38
5.49449332e+09 3.97023397e-10 6.84169478e-38
5.66409074e+09 3.85135497e-10 6.50429804e-38
5.83892308e+09 3.73603551e-10 6.18416556e-38
6.01915194e+09 3.62416902e-10 5.88037799e-38
6.20494389e+09 3.51565210e-10 5.59206678e-38
6.39647064e+09 3.41038445e-10 5.31841137e-38
6.59390921e+09 3.30826878e-10 5.05863639e-38
6.79744208e+09 3.20921072e-10 4.81200910e-38
7.00725735e+09 3.11311872e-10 4.57783701e-38
7.22354895e+09 3.01990395e-10 4.35546555e-38
7.44651678e+09 2.92948027e-10 4.14427595e-38
7.67636691e+09 2.84176411e-10 3.94368319e-38
7.91331178e+09 2.75667440e-10 3.75313414e-38
8.15757037e+09 2.67413249e-10 3.57210569e-38
8.40936845e+09 2.59406210e-10 3.40010315e-38
8.66893873e+09 2.51638922e-10 3.23665856e-38
8.93652111e+09 2.44104207e-10 3.08132926e-38
9.21236291e+09 2.36795101e-10 2.93369643e-38
9.49671906e+09 2.29704847e-10 2.79336378e-38
9.78985237e+09 2.22826895e-10 2.65995629e-38
1.00920338e+10 2.16154885e-10 2.53311900e-38
1.04035425e+10 2.09682653e-10 2.41251591e-38
1.07246666e+10 2.03404216e-10 2.29782895e-38
1.10557027e+10 1.97313772e-10 2.18875694e-38
1.13969568e+10 1.91405691e-10 2.08501470e-38
1.17487444e+10 1.85674513e-10 1.98633212e-38
1.21113905e+10 1.80114942e-10 1.89245337e-38
1.24852304e+10 1.74721838e-10 1.80313610e-38
1.28706095e+10 1.69490218e-10 1.71815069e-38
1.32678840e+10 1.64415245e-10 1.63727956e-38
1.36774211e+10 1.59492231e-10 1.56031653e-38
1.40995993e+10 1.54716624e-10 1.48706617e-38
1.45348088e+10 1.50084011e-10 1.41734321e-38
1.49834518e+10 1.45590111e-10 1.35097202e-38
1.54459429e+10 1.41230769e-10 1.28778608e-38
1.59227097e+10 1.37001957e-10 1.22762747e-38
1.64141928e+10 1.32899767e-10 1.17034639e-38
1.69208464e+10 1.28920407e-10 1.11580080e-38
1.74431387e+10 1.25060199e-10 1.06385590e-38
1.79815526e+10 1.21315575e-10 1.01438383e-38
1.85365855e+10 1.17683076e-10 9.67263233e-39
1.91087506e+10 1.14159342e-10 9.22378961e-39
1.96985765e+10 1.10741119e-10 8.79621709e-39
2.03066085e+10 1.07425245e-10 8.38887721e-39
2.09334085e+10 1.04208658e-10 8.00078490e-39
2.15795558e+10 1.01088383e-10 7.63100486e-39
2.22456476e+10 9.80615372e-11 7.27864887e-39
2.29322995e+10 9.51253231e-11 6.94287341e-39
2.36401462e+10 9.22770267e-11 6.62287721e-39
2.43698418e+10 8.95140156e-11 6.31789913e-39
2.51220608e+10 8.68337362e-11 6.02721603e-39
2.58974984e+10 8.42337113e-11 5.75014076e-39
2.66968712e+10 8.17115377e-11 5.48602037e-39
2.75209182e+10 7.92648845e-11 5.23423426e-39
2.83704008e+10 7.68914904e-11 4.99419256e-39
2.92461042e+10 7.45891618e-11 4.76533454e-39
3.01488378e+10 7.23557708e-11 4.54712707e-39
3.10794359e+10 7.01892533e-11 4.33906328e-39
3.20387586e+10 6.80876069e-11 4.14066114e-39
3.30276925e+10 6.60488891e-11 3.95146225e-39
3.40471516e+10 6.40712159e-11 3.77103062e-39
3.50980782e+10 6.21527592e-11 3.59895149e-39
3.61814435e+10 6.02917460e-11 3.43483035e-39
3.72982488e+10 5.84864564e-11 3.27829180e-39
3.84495263e+10 5.67352217e-11 3.12897869e-39
3.96363401e+10 5.50364236e-11 2.98655113e-39
4.08597870e+10 5.33884917e-11 2.85068568e-39
4.21209978e+10 5.17899033e-11 2.72107447e-39
4.34211381e+10 5.02391806e-11 2.59742448e-39
4.47614096e+10 4.87348906e-11 2.47945673e-39
4.61430510e+10 4.72756428e-11 2.36690566e-39
4.75673393e+10 4.58600887e-11 2.25951842e-39
4.90355908e+10 4.44869200e-11 2.15705424e-39
5.05491624e+10 4.31548674e-11 2.05928385e-39
5.21094532e+10 4.18626999e-11 1.96598890e-39
5.37179052e+10 4.06092232e-11 1.87696142e-39
5.53760050e+10 3.93932788e-11 1.79200333e-39
5.70852849e+10 3.82137429e-11 1.71092595e-39
5.88473249e+10 3.70695253e-11 1.63354951e-39
6.06637534e+10 3.59595686e-11 1.55970278e-39
6.25362492e+10 3.48828468e-11 1.48922258e-39
6.44665430e+10 3.38383648e-11 1.42195343e-39
6.64564188e+10 3.28251573e-11 1.35774718e-39
6.85077157e+10 3.18422878e-11 1.29646265e-39
7.06223295e+10 3.08888480e-11 1.23796528e-39
7.28022147e+10 2.99639566e-11 1.18212680e-39
7.50493860e+10 2.90667588e-11 1.12882500e-39
7.73659202e+10 2.81964254e-11 1.07794332e-39
7.97539585e+10 2.73521521e-11 1.02937071e-39
8.22157078e+10 2.65331584e-11 9.83001252e-40
8.47534435e+10 2.57386876e-11 9.38733988e-40
8.73695109e+10 2.49680052e-11 8.96472654e-40
9.00663280e+10 2.42203990e-11 8.56125463e-40
9.28463871e+10 2.34951781e-11 8.17604890e-40
9.57122578e+10 2.27916721e-11 7.80827472e-40
9.86665888e+10 2.21092310e-11 7.45713613e-40
1.01712110e+11 2.14472238e-11 7.12187403e-40
1.04851638e+11 2.08050389e-11 6.80176442e-40
1.08088072e+11 2.01820826e-11 6.49611676e-40
1.11424405e+11 1.95777793e-11 6.20427239e-40
1.14863719e+11 1.89915703e-11 5.92560303e-40
1.18409195e+11 1.84229139e-11 5.65950934e-40
1.22064107e+11 1.78712846e-11 5.40541956e-40
1.25831835e+11 1.73361725e-11 5.16278825e-40
1.29715861e+11 1.68170830e-11 4.93109502e-40
1.33719775e+11 1.63135363e-11 4.70984340e-40
1.37847276e+11 1.58250672e-11 4.49855966e-40
1.42102180e+11 1.53512240e-11 4.29679181e-40
1.46488419e+11 1.48915690e-11 4.10410857e-40
1.51010048e+11 1.44456772e-11 3.92009840e-40
1.55671244e+11 1.40131365e-11 3.74436856e-40
1.60476317e+11 1.35935472e-11 3.57654430e-40
1.65429707e+11 1.31865215e-11 3.41626795e-40
1.70535993e+11 1.27916832e-11 3.26319819e-40
1.75799893e+11 1.24086674e-11 3.11700927e-40
1.81226273e+11 1.20371200e-11 2.97739027e-40
1.86820148e+11 1.16766978e-11 2.84404445e-40
1.92586687e+11 1.13270675e-11 2.71668859e-40
1.98531222e+11 1.09879060e-11 2.59505233e-40
2.04659245e+11 1.06588999e-11 2.47887763e-40
2.10976421e+11 1.03397451e-11 2.36791816e-40
2.17488587e+11 1.00301465e-11 2.26193879e-40
2.24201764e+11 9.72981821e-12 2.16071507e-40
2.31122154e+11 9.43848247e-12 2.06403273e-40
2.38256155e+11 9.15587008e-12 1.97168720e-40
2.45610360e+11 8.88171983e-12 1.88348322e-40
2.53191565e+11 8.61577834e-12 1.79923436e-40
2.61006778e+11 8.35779981e-12 1.71876261e-40
2.69063222e+11 8.10754583e-12 1.64189806e-40
2.77368342e+11 7.86478510e-12 1.56847847e-40
2.85929814e+11 7.62929324e-12 1.49834892e-40
2.94755552e+11 7.40085262e-12 1.43136154e-40
3.03853712e+11 7.17925209e-12 1.36737509e-40
3.13232704e+11 6.96428686e-12 1.30625475e-40
3.22901194e+11 6.75575823e-12 1.24787176e-40
3.32868120e+11 6.55347349e-12 1.19210321e-40
3.43142693e+11 6.35724567e-12 1.13883169e-40
3.53734410e+11 6.16689341e-12 1.08794513e-40
3.64653058e+11 5.98224079e-12 1.03933649e-40
3.75908731e+11 5.80311715e-12 9.92903548e-41
3.87511830e+11 5.62935692e-12 9.48548713e-41
3.99473079e+11 5.46079953e-12 9.06178775e-41
4.11803534e+11 5.29728917e-12 8.65704728e-41
4.24514591e+11 5.13867473e-12 8.27041571e-41
4.37617997e+11 4.98480962e-12 7.90108132e-41
4.51125863e+11 4.83555163e-12 7.54826889e-41
4.65050674e+11 4.69076280e-12 7.21123811e-41
4.79405299e+11 4.55030932e-12 6.88928196e-41
4.94203006e+11 4.41406138e-12 6.58172520e-41
5.09457471e+11 4.28189305e-12 6.28792298e-41
5.25182792e+11 4.15368218e-12 6.00725942e-41
5.41393503e+11 4.02931027e-12 5.73914631e-41
5.58104587e+11 3.90866238e-12 5.48302189e-41
5.75331488e+11 3.79162699e-12 5.23834962e-41
5.93090129e+11 3.67809595e-12 5.00461708e-41
6.11396923e+11 3.56796431e-12 4.78133484e-41
6.30268788e+11 3.46113030e-12 4.56803546e-41
6.49723168e+11 3.35749518e-12 4.36427249e-41
6.69778042e+11 3.25696315e-12 4.16961951e-41
6.90451945e+11 3.15944131e-12 3.98366925e-41
7.11763986e+11 3.06483953e-12 3.80603270e-41
7.33733862e+11 2.97307037e-12 3.63633833e-41
7.56381877e+11 2.88404901e-12 3.47423127e-41
7.79728963e+11 2.79769318e-12 3.31937257e-41
8.03796700e+11 2.71392306e-12 3.17143849e-41
8.28607330e+11 2.63266124e-12 3.03011981e-41
8.54183786e+11 2.55383260e-12 2.89512118e-41
8.80549704e+11 2.47736430e-12 2.76616051e-41
9.07729454e+11 2.40318565e-12 2.64296836e-41
9.35748156e+11 2.33122811e-12 2.52528737e-41
9.64631706e+11 2.26142515e-12 2.41287174e-41
9.94406798e+11 2.19371228e-12 2.30548667e-41
1.02510095e+12 2.12802690e-12 2.20290791e-41
1.05674254e+12 2.06430831e-12 2.10492130e-41
1.08936079e+12 2.00249762e-12 2.01132224e-41
1.12298587e+12 1.94253770e-12 1.92191534e-41
1.15764885e+12 1.88437314e-12 1.83651398e-41
1.19338177e+12 1.82795017e-12 1.75493992e-41
1.23021764e+12 1.77321665e-12 1.67702292e-41
1.26819052e+12 1.72012199e-12 1.60260038e-41
1.30733550e+12 1.66861712e-12 1.53151701e-41
1.34768876e+12 1.61865444e-12 1.46362451e-41
1.38928760e+12 1.57018777e-12 1.39878123e-41
1.43217046e+12 1.52317232e-12 1.33685190e-41
1.47637698e+12 1.47756463e-12 1.27770734e-41
1.52194801e+12 1.43332255e-12 1.22122417e-41
1.56892567e+12 1.39040520e-12 1.16728459e-41
1.61735338e+12 1.34877290e-12 1.11577609e-41
1.66727590e+12 1.30838717e-12 1.06659123e-41
1.71873937e+12 1.26921070e-12 1.01962743e-41
1.77179135e+12 1.23120728e-12 9.74786737e-42
1.82648088e+12 1.19434177e-12 9.31975623e-42
1.88285849e+12 1.15858011e-12 8.91104787e-42
1.94097631e+12 1.12388925e-12 8.52088969e-42
2.00088803e+12 1.09023712e-12 8.14846771e-42
2.06264904e+12 1.05759262e-12 7.79300484e-42
2.12631641e+12 1.02592558e-12 7.45375923e-42
2.19194899e+12 9.95206737e-13 7.13002273e-42
2.25960744e+12 9.65407693e-13 6.82111935e-42
2.32935428e+12 9.36500908e-13 6.52640384e-42
2.40125399e+12 9.08459667e-13 6.24526034e-42
2.47537301e+12 8.81258052e-13 5.97710102e-42
2.55177985e+12 8.54870924e-13 5.72136482e-42
2.63054513e+12 8.29273894e-13 5.47751630e-42
2.71174163e+12 8.04443305e-13 5.24504441e-42
2.79544441e+12 7.80356207e-13 5.02346139e-42
2.88173083e+12 7.56990339e-13 4.81230173e-42
2.97068064e+12 7.34324105e-13 4.61112112e-42
3.06237604e+12 7.12336556e-13 4.41949545e-42
3.15690178e+12 6.91007371e-13 4.23701987e-42
3.25434523e+12 6.70316837e-13 4.06330785e-42
3.35479645e+12 6.50245830e-13 3.89799033e-42
3.45834827e+12 6.30775801e-13 3.74071481e-42
3.56509641e+12 6.11888754e-13 3.59114452e-42
3.67513952e+12 5.93567234e-13 3.44895767e-42
3.78857931e+12 5.75794307e-13 3.31384659e-42
3.90552063e+12 5.58553548e-13 3.18551704e-42
4.02607154e+12 5.41829021e-13 3.06368741e-42
4.15034348e+12 5.25605269e-13 2.94808806e-42
4.27845130e+12 5.09867298e-13 2.83846059e-42
4.41051339e+12 4.94600562e-13 2.73455720e-42
4.54665182e+12 4.79790952e-13 2.63613999e-42
4.68699240e+12 4.65424779e-13 2.54298041e-42
4.83166485e+12 4.51488766e-13 2.45485859e-42
4.98080287e+12 4.37970034e-13 2.37156282e-42
5.13454431e+12 4.24856086e-13 2.29288898e-42
5.29303125e+12 4.12134805e-13 2.21864005e-42
5.45641018e+12 3.99794431e-13 2.14862560e-42
5.62483209e+12 3.87823559e-13 2.08266138e-42
5.79845265e+12 3.76211126e-13 2.02056891e-42
5.97743232e+12 3.64946399e-13 1.96217515e-42
6.16193651e+12 3.54018967e-13 1.90731211e-42
6.35213577e+12 3.43418731e-13 1.85581668e-42
6.54820586e+12 3.33135892e-13 1.80753030e-42
6.75032801e+12 3.23160948e-13 1.76229887e-42
6.95868902e+12 3.13484680e-13 1.71997257e-42
7.17348147e+12 3.04098144e-13 1.68040574e-42
7.39490387e+12 2.94992665e-13 1.64345687e-42
7.62316088e+12 2.86159827e-13 1.60898856e-42
7.85846345e+12 2.77591467e-13 1.57686749e-42
8.10102905e+12 2.69279666e-13 1.54696449e-42
8.35108188e+12 2.61216742e-13 1.51915457e-42
8.60885304e+12 2.53395242e-13 1.49331694e-42
8.87458077e+12 2.45807938e-13 1.46933515e-42
9.14851067e+12 2.38447817e-13 1.44709707e-42
9.29012619e+12 2.34813000e-13 1.43648899e-42
